id,sex,edad,origen,timerun,categoria,nacionalidad
1,Hombre,22,Sevilla,1988,2. Abierta,COL
2,Hombre,31,Sevilla,2041,2. Abierta,COL
3,Hombre,31,Yumbo,2083,2. Abierta,COL
4,Hombre,36,Cali,2112,2. Abierta,COL
5,Hombre,32,Cali,2213,2. Abierta,COL
6,Hombre,48,Palmira,2238,3. Veteranos A,COL
7,Hombre,31,Cali,2244,2. Abierta,COL
8,Hombre,19,Yumbo,2247,2. Abierta,COL
9,Hombre,51,Cali,2266,4. Veteranos B,COL
10,Hombre,24,Cali,2302,2. Abierta,COL
11,Hombre,23,Cali,2346,2. Abierta,COL
12,Mujer,25,Sevilla,2355,2. Abierta,COL
13,Hombre,46,Cali,2358,3. Veteranos A,COL
14,Hombre,25,Cali,2358,2. Abierta,COL
15,Hombre,46,Cali,2358,3. Veteranos A,COL
16,Hombre,42,Cali,2363,3. Veteranos A,COL
17,Mujer,23,Popayan,2374,2. Abierta,COL
18,Hombre,36,Cali,2379,2. Abierta,COL
19,Hombre,36,Cali,2386,2. Abierta,COL
20,Hombre,43,Cali,2402,3. Veteranos A,COL
21,Hombre,30,Cali,2406,2. Abierta,COL
22,Hombre,44,Cali,2424,3. Veteranos A,COL
23,Hombre,38,Cali,2460,2. Abierta,COL
24,Hombre,25,Cali,2469,2. Abierta,COL
25,Hombre,30,Cali,2473,2. Abierta,COL
26,Hombre,39,Cali,2484,2. Abierta,COL
27,Hombre,17,Cali,2500,1. Juvenil,COL
28,Hombre,44,Cali,2505,3. Veteranos A,COL
29,Hombre,19,Cali,2512,2. Abierta,COL
30,Mujer,19,Sevilla,2525,2. Abierta,COL
31,Hombre,52,Cali,2530,4. Veteranos B,COL
32,Hombre,41,Cali,2530,3. Veteranos A,COL
33,Hombre,16,Cali,2534,1. Juvenil,COL
34,Hombre,53,Cali,2537,4. Veteranos B,COL
35,Hombre,50,Cali,2539,4. Veteranos B,COL
36,Hombre,36,Cali,2540,2. Abierta,COL
37,Hombre,36,Cali,2552,2. Abierta,COL
38,Hombre,33,Cali,2566,2. Abierta,COL
39,Hombre,24,Pradera,2568,2. Abierta,COL
40,Mujer,33,Cali,2577,2. Abierta,COL
41,Hombre,50,Cali,2577,4. Veteranos B,COL
42,Hombre,39,Cali,2582,2. Abierta,COL
43,Hombre,23,Cali,2583,2. Abierta,COL
44,Hombre,22,Cali,2584,2. Abierta,COL
45,Hombre,33,Cali,2589,2. Abierta,COL
46,Hombre,37,Cali,2593,2. Abierta,COL
47,Hombre,40,Jamundí,2612,3. Veteranos A,COL
48,Hombre,38,Cali,2615,2. Abierta,COL
49,Hombre,27,Cali,2629,2. Abierta,COL
50,Hombre,22,Cali,2646,2. Abierta,COL
51,Hombre,21,Cali,2648,2. Abierta,COL
52,Hombre,40,Cali,2650,3. Veteranos A,COL
53,Hombre,36,Cali,2652,2. Abierta,COL
54,Hombre,19,Jamundi,2654,2. Abierta,COL
55,Hombre,50,Cali,2657,4. Veteranos B,COL
56,Hombre,46,Cali,2661,3. Veteranos A,COL
57,Hombre,53,Cali,2662,4. Veteranos B,COL
58,Hombre,40,Cali,2666,3. Veteranos A,COL
59,Hombre,41,Cali,2672,3. Veteranos A,COL
60,Hombre,48,Cali,2681,3. Veteranos A,COL
61,Hombre,24,Cali,2691,2. Abierta,COL
62,Hombre,34,Cali,2692,2. Abierta,COL
63,Hombre,31,Cali,2693,2. Abierta,COL
64,Hombre,32,Cali,2693,2. Abierta,COL
65,Hombre,62,Cali,2697,5. Veteranos C,COL
66,Hombre,56,Cali,2701,4. Veteranos B,COL
67,Hombre,30,Cali,2704,2. Abierta,COL
68,Hombre,26,Cali,2709,2. Abierta,COL
69,Hombre,46,Cali,2715,3. Veteranos A,COL
70,Hombre,30,Cali,2721,2. Abierta,COL
71,Hombre,49,Cali,2725,3. Veteranos A,COL
72,Hombre,48,Cali,2730,3. Veteranos A,COL
73,Hombre,16,Cali,2732,1. Juvenil,COL
74,Hombre,40,Cali,2734,3. Veteranos A,COL
75,Mujer,59,Cali,2748,4. Veteranos B,COL
76,Hombre,50,Popayan,2751,4. Veteranos B,COL
77,Hombre,33,Cali,2752,2. Abierta,COL
78,Hombre,27,Cali,2754,2. Abierta,COL
79,Hombre,34,Guacari,2755,2. Abierta,COL
80,Hombre,60,Cali,2757,5. Veteranos C,COL
81,Hombre,61,Palmira,2766,5. Veteranos C,COL
82,Hombre,37,Cali,2769,2. Abierta,COL
83,Hombre,23,Cali,2772,2. Abierta,COL
84,Hombre,53,Cali,2774,4. Veteranos B,COL
85,Hombre,23,Cali,2778,2. Abierta,COL
86,Hombre,41,Cali,2782,3. Veteranos A,COL
87,Hombre,37,Cali,2784,2. Abierta,COL
88,Hombre,25,Cali,2791,2. Abierta,COL
89,Hombre,38,Cali,2797,2. Abierta,COL
90,Hombre,39,Cali,2802,2. Abierta,COL
91,Hombre,43,Cali,2805,3. Veteranos A,COL
92,Hombre,22,Yumbo,2807,2. Abierta,COL
93,Hombre,26,Cali,2808,2. Abierta,COL
94,Mujer,35,Cali,2808,2. Abierta,COL
95,Hombre,46,Palmira,2811,3. Veteranos A,COL
96,Hombre,44,Cali,2816,3. Veteranos A,COL
97,Hombre,34,Cali,2817,2. Abierta,COL
98,Hombre,33,Cali,2817,2. Abierta,COL
99,Hombre,49,Cali,2818,3. Veteranos A,COL
100,Hombre,50,Cali,2819,4. Veteranos B,COL
101,Hombre,44,Cali,2820,3. Veteranos A,COL
102,Hombre,29,Cali,2826,2. Abierta,COL
103,Hombre,30,Cali,2828,2. Abierta,COL
104,Hombre,24,Cali,2836,2. Abierta,COL
105,Hombre,36,Candelaria,2842,2. Abierta,COL
106,Hombre,39,Cali,2842,2. Abierta,COL
107,Hombre,31,Palmira,2847,2. Abierta,COL
108,Hombre,41,Cali,2847,3. Veteranos A,COL
109,Hombre,47,Cali,2853,3. Veteranos A,COL
110,Hombre,36,Cali,2857,2. Abierta,COL
111,Mujer,30,Cali,2861,2. Abierta,COL
112,Mujer,50,Cali,2864,4. Veteranos B,COL
113,Hombre,28,Cali,2869,2. Abierta,COL
114,Hombre,39,Cali,2870,2. Abierta,COL
115,Hombre,25,Cali,2873,2. Abierta,COL
116,Hombre,47,Cali,2878,3. Veteranos A,COL
117,Hombre,32,Popayan,2878,2. Abierta,COL
118,Hombre,39,Cali,2879,2. Abierta,COL
119,Hombre,35,Cali,2880,2. Abierta,COL
120,Hombre,39,Cali,2884,2. Abierta,COL
121,Hombre,38,Cali,2886,2. Abierta,COL
122,Hombre,36,Cali,2889,2. Abierta,COL
123,Hombre,40,Cali,2890,3. Veteranos A,COL
124,Hombre,37,Palmira,2890,2. Abierta,COL
125,Hombre,33,Cali,2891,2. Abierta,COL
126,Hombre,35,Cali,2893,2. Abierta,COL
127,Hombre,43,Cali,2896,3. Veteranos A,COL
128,Hombre,47,Cali,2896,3. Veteranos A,COL
129,Hombre,24,Jamundi,2901,2. Abierta,COL
130,Mujer,41,Cali,2902,3. Veteranos A,COL
131,Hombre,33,Jamundi,2903,2. Abierta,COL
132,Mujer,34,Jamundí,2903,2. Abierta,COL
133,Hombre,63,Cali,2906,5. Veteranos C,COL
134,Mujer,28,Cali,2914,2. Abierta,COL
135,Hombre,48,Cali,2917,3. Veteranos A,COL
136,Hombre,35,Cali,2919,2. Abierta,COL
137,Hombre,51,Cali,2920,4. Veteranos B,COL
138,Mujer,34,Cali,2925,2. Abierta,COL
139,Hombre,24,Cali,2931,2. Abierta,COL
140,Hombre,33,Cali,2933,2. Abierta,COL
141,Hombre,30,Jamundi,2933,2. Abierta,COL
142,Hombre,64,Cali,2936,5. Veteranos C,COL
143,Hombre,38,Cali,2940,2. Abierta,COL
144,Hombre,43,Cali,2941,3. Veteranos A,COL
145,Hombre,25,Cali,2943,2. Abierta,COL
146,Hombre,31,Cali,2944,2. Abierta,COL
147,Hombre,19,Cali,2946,2. Abierta,COL
148,Hombre,27,Cali,2949,2. Abierta,COL
149,Hombre,45,Cali,2949,3. Veteranos A,COL
150,Hombre,40,Cali,2952,3. Veteranos A,COL
151,Hombre,40,Cali,2952,3. Veteranos A,COL
152,Hombre,53,Cali,2955,4. Veteranos B,COL
153,Mujer,45,Popayan,2956,3. Veteranos A,COL
154,Hombre,30,Candelaria,2959,2. Abierta,COL
155,Hombre,35,Cali,2963,2. Abierta,COL
156,Hombre,45,Cali,2966,3. Veteranos A,COL
157,Hombre,56,Cali,2968,4. Veteranos B,COL
158,Hombre,55,Cali,2968,4. Veteranos B,COL
159,Hombre,24,Cali,2974,2. Abierta,COL
160,Hombre,29,Cali,2975,2. Abierta,COL
161,Hombre,56,Cali,2978,4. Veteranos B,COL
162,Hombre,33,Cali,2978,2. Abierta,COL
163,Hombre,62,Popayan,2979,5. Veteranos C,COL
164,Hombre,52,Cali,2980,4. Veteranos B,COL
165,Mujer,19,Cali,2980,2. Abierta,COL
166,Mujer,24,Cali,2981,2. Abierta,COL
167,Hombre,34,Cali,2982,2. Abierta,COL
168,Hombre,43,Jamundi,2983,3. Veteranos A,COL
169,Hombre,42,Cali,2984,3. Veteranos A,COL
170,Hombre,35,Cali,2986,2. Abierta,COL
171,Mujer,20,Cali,2988,2. Abierta,COL
172,Hombre,37,Cali,2990,2. Abierta,COL
173,Hombre,49,Cali,2994,3. Veteranos A,COL
174,Hombre,28,Cali,2995,2. Abierta,COL
175,Hombre,31,Cali,2995,2. Abierta,COL
176,Hombre,33,Jamundí,2996,2. Abierta,COL
177,Mujer,25,Cali,2997,2. Abierta,COL
178,Hombre,57,Cali,3000,4. Veteranos B,COL
179,Hombre,29,Cali,3000,2. Abierta,COL
180,Hombre,33,Cali,3000,2. Abierta,COL
181,Hombre,32,Cali,3002,2. Abierta,COL
182,Mujer,30,Palmira,3003,2. Abierta,COL
183,Hombre,42,Cali,3006,3. Veteranos A,COL
184,Hombre,26,Cali,3007,2. Abierta,COL
185,Hombre,23,Cali,3007,2. Abierta,COL
186,Mujer,45,Cali,3010,3. Veteranos A,COL
187,Hombre,33,Palmira,3011,2. Abierta,COL
188,Hombre,41,Cali,3018,3. Veteranos A,COL
189,Hombre,43,Jamundi,3020,3. Veteranos A,COL
190,Hombre,39,Cali,3021,2. Abierta,COL
191,Hombre,45,Cali,3021,3. Veteranos A,COL
192,Hombre,31,Cali,3022,2. Abierta,COL
193,Hombre,40,Cali,3024,3. Veteranos A,COL
194,Hombre,32,Villa Rica,3025,2. Abierta,COL
195,Hombre,44,Cali,3027,3. Veteranos A,COL
196,Hombre,26,Cali,3029,2. Abierta,COL
197,Hombre,35,Cali,3035,2. Abierta,COL
198,Hombre,22,Cali,3036,2. Abierta,COL
199,Hombre,69,Cali,3037,5. Veteranos C,COL
200,Hombre,28,Cali,3040,2. Abierta,COL
201,Hombre,51,Cali,3040,4. Veteranos B,COL
202,Hombre,31,Cali,3041,2. Abierta,COL
203,Hombre,49,Cali,3042,3. Veteranos A,COL
204,Hombre,28,Cali,3043,2. Abierta,COL
205,Hombre,26,Cali,3045,2. Abierta,COL
206,Hombre,53,Cumaná,3049,4. Veteranos B,VEN
207,Hombre,39,Cali,3049,2. Abierta,COL
208,Hombre,17,Cali,3049,1. Juvenil,COL
209,Hombre,37,Ginebra,3052,2. Abierta,COL
210,Hombre,23,Cali,3053,2. Abierta,COL
211,Hombre,22,Guacari,3053,2. Abierta,COL
212,Hombre,30,Cali,3054,2. Abierta,COL
213,Mujer,24,Cali,3055,2. Abierta,COL
214,Mujer,16,Cali,3058,1. Juvenil,COL
215,Hombre,28,Popayan,3060,2. Abierta,COL
216,Hombre,26,Popayan,3061,2. Abierta,COL
217,Hombre,32,Cali,3062,2. Abierta,COL
218,Hombre,39,Cali,3062,2. Abierta,COL
219,Hombre,47,Cali,3067,3. Veteranos A,COL
220,Hombre,51,Cali,3068,4. Veteranos B,COL
221,Hombre,52,Cali,3069,4. Veteranos B,COL
222,Hombre,28,Jamundi,3069,2. Abierta,COL
223,Hombre,39,Cali,3075,2. Abierta,COL
224,Hombre,30,Cali,3077,2. Abierta,COL
225,Hombre,25,Cali,3078,2. Abierta,COL
226,Hombre,37,Cali,3079,2. Abierta,COL
227,Hombre,30,Cali,3079,2. Abierta,COL
228,Hombre,31,Cali,3080,2. Abierta,COL
229,Hombre,56,Cali,3081,4. Veteranos B,COL
230,Hombre,39,Cali,3085,2. Abierta,COL
231,Hombre,33,Cali,3087,2. Abierta,COL
232,Hombre,55,Cali,3087,4. Veteranos B,COL
233,Hombre,25,Cali,3088,2. Abierta,COL
234,Hombre,33,Cali,3093,2. Abierta,COL
235,Hombre,35,Cali,3093,2. Abierta,COL
236,Hombre,40,Cali,3093,3. Veteranos A,COL
237,Hombre,24,Cali,3095,2. Abierta,COL
238,Hombre,69,Cali,3096,5. Veteranos C,COL
239,Hombre,39,Cali,3103,2. Abierta,COL
240,Hombre,42,Cali,3106,3. Veteranos A,COL
241,Hombre,39,Cali,3106,2. Abierta,COL
242,Mujer,57,Cali,3108,4. Veteranos B,COL
243,Hombre,40,Vijes,3108,3. Veteranos A,COL
244,Hombre,34,Cali,3109,2. Abierta,COL
245,Hombre,33,Cali,3109,2. Abierta,COL
246,Hombre,18,Cali,3111,2. Abierta,COL
247,Hombre,40,Cali,3111,3. Veteranos A,COL
248,Hombre,22,Cali,3112,2. Abierta,COL
249,Hombre,34,Cali,3116,2. Abierta,COL
250,Hombre,32,Candelaria,3118,2. Abierta,COL
251,Hombre,39,Jamundi,3122,2. Abierta,COL
252,Hombre,27,Cali,3123,2. Abierta,COL
253,Hombre,34,Cali,3125,2. Abierta,COL
254,Hombre,32,Jamundi,3127,2. Abierta,COL
255,Mujer,51,Cali,3132,4. Veteranos B,COL
256,Mujer,43,Cali,3132,3. Veteranos A,COL
257,Hombre,41,Cali,3135,3. Veteranos A,COL
258,Hombre,46,Cali,3136,3. Veteranos A,COL
259,Hombre,52,Candelaria,3137,4. Veteranos B,COL
260,Hombre,33,Cali,3142,2. Abierta,COL
261,Hombre,41,Cali,3142,3. Veteranos A,COL
262,Hombre,29,Cali,3144,2. Abierta,COL
263,Mujer,37,Cali,3145,2. Abierta,COL
264,Mujer,40,Cali,3146,3. Veteranos A,COL
265,Hombre,66,Palmira,3146,5. Veteranos C,COL
266,Hombre,21,Cali,3147,2. Abierta,COL
267,Hombre,35,Cali,3149,2. Abierta,COL
268,Hombre,33,Cali,3150,2. Abierta,COL
269,Hombre,62,Cali,3151,5. Veteranos C,COL
270,Hombre,46,Cali,3151,3. Veteranos A,COL
271,Hombre,31,Cali,3152,2. Abierta,COL
272,Hombre,44,Cali,3153,3. Veteranos A,COL
273,Mujer,34,Cali,3154,2. Abierta,COL
274,Mujer,35,Cali,3156,2. Abierta,COL
275,Hombre,27,Cali,3157,2. Abierta,COL
276,Hombre,36,Cali,3160,2. Abierta,COL
277,Hombre,37,Cali,3160,2. Abierta,COL
278,Hombre,57,Cali,3161,4. Veteranos B,COL
279,Hombre,31,Cali,3163,2. Abierta,COL
280,Hombre,52,Cali,3164,4. Veteranos B,COL
281,Mujer,28,Cali,3164,2. Abierta,COL
282,Mujer,36,Cali,3165,2. Abierta,COL
283,Hombre,41,Cali,3165,3. Veteranos A,COL
284,Hombre,36,Cali,3168,2. Abierta,COL
285,Hombre,25,Cali,3169,2. Abierta,COL
286,Hombre,55,Palmira,3170,4. Veteranos B,COL
287,Hombre,43,Cali,3173,3. Veteranos A,COL
288,Mujer,30,Cali,3174,2. Abierta,COL
289,Hombre,25,Cali,3175,2. Abierta,COL
290,Mujer,23,Cali,3175,2. Abierta,COL
291,Mujer,21,Cali,3176,2. Abierta,COL
292,Hombre,64,Cali,3176,5. Veteranos C,COL
293,Hombre,16,Cali,3176,1. Juvenil,COL
294,Hombre,42,Cali,3177,3. Veteranos A,COL
295,Hombre,43,Cali,3177,3. Veteranos A,COL
296,Hombre,38,Cali,3179,2. Abierta,COL
297,Mujer,38,Cali,3180,2. Abierta,COL
298,Hombre,40,Tuluá,3181,3. Veteranos A,COL
299,Hombre,21,Cali,3181,2. Abierta,COL
300,Hombre,43,Cali,3183,3. Veteranos A,COL
301,Hombre,43,Cali,3183,3. Veteranos A,COL
302,Hombre,51,Cali,3183,4. Veteranos B,COL
303,Hombre,25,Yumbo,3184,2. Abierta,COL
304,Hombre,48,Cali,3185,3. Veteranos A,COL
305,Mujer,23,Cali,3185,2. Abierta,COL
306,Hombre,37,Cali,3187,2. Abierta,COL
307,Hombre,34,Cali,3188,2. Abierta,COL
308,Hombre,46,Manizales,3189,3. Veteranos A,COL
309,Mujer,51,Cali,3190,4. Veteranos B,COL
310,Hombre,31,Cali,3190,2. Abierta,COL
311,Hombre,43,Cali,3191,3. Veteranos A,COL
312,Hombre,51,Cali,3192,4. Veteranos B,COL
313,Mujer,43,Cali,3193,3. Veteranos A,COL
314,Hombre,54,Cali,3193,4. Veteranos B,COL
315,Hombre,34,Cali,3193,2. Abierta,COL
316,Hombre,50,Cali,3196,4. Veteranos B,COL
317,Hombre,41,Cali,3199,3. Veteranos A,COL
318,Hombre,36,Cali,3202,2. Abierta,COL
319,Mujer,31,Cali,3203,2. Abierta,COL
320,Hombre,28,Cali,3205,2. Abierta,COL
321,Hombre,27,Cali,3207,2. Abierta,COL
322,Hombre,50,Jamundi,3208,4. Veteranos B,COL
323,Mujer,30,Cali,3209,2. Abierta,COL
324,Hombre,36,Cali,3209,2. Abierta,COL
325,Hombre,41,Cali,3210,3. Veteranos A,COL
326,Hombre,37,Candelaria,3210,2. Abierta,COL
327,Hombre,29,San Andres,3211,2. Abierta,COL
328,Hombre,53,San Andres,3211,4. Veteranos B,COL
329,Hombre,32,Cali,3211,2. Abierta,COL
330,Hombre,51,Cali,3211,4. Veteranos B,COL
331,Hombre,37,Cali,3212,2. Abierta,COL
332,Mujer,33,Cali,3212,2. Abierta,COL
333,Hombre,43,Cali,3214,3. Veteranos A,COL
334,Hombre,53,Cali,3214,4. Veteranos B,COL
335,Hombre,36,Cali,3215,2. Abierta,COL
336,Mujer,35,Cali,3219,2. Abierta,COL
337,Mujer,38,Cali,3221,2. Abierta,COL
338,Hombre,53,Cali,3221,4. Veteranos B,COL
339,Hombre,22,Cali,3222,2. Abierta,COL
340,Hombre,34,Cali,3222,2. Abierta,COL
341,Hombre,66,Cali,3223,5. Veteranos C,COL
342,Mujer,42,Cali,3224,3. Veteranos A,COL
343,Mujer,32,Cali,3226,2. Abierta,COL
344,Hombre,26,Cali,3226,2. Abierta,COL
345,Hombre,43,Cali,3227,3. Veteranos A,COL
346,Hombre,35,Cali,3227,2. Abierta,COL
347,Mujer,50,Cali,3229,4. Veteranos B,COL
348,Hombre,36,Cali,3234,2. Abierta,COL
349,Hombre,38,Cali,3235,2. Abierta,COL
350,Hombre,32,Candelaria,3237,2. Abierta,COL
351,Hombre,50,Cali,3237,4. Veteranos B,COL
352,Hombre,44,Cali,3237,3. Veteranos A,COL
353,Hombre,58,Pasto,3238,4. Veteranos B,COL
354,Hombre,63,Cali,3239,5. Veteranos C,COL
355,Hombre,21,Cali,3241,2. Abierta,COL
356,Hombre,19,Jamundi,3242,2. Abierta,COL
357,Hombre,33,Cali,3243,2. Abierta,COL
358,Mujer,25,Cali,3244,2. Abierta,COL
359,Mujer,34,Cali,3244,2. Abierta,COL
360,Hombre,55,Colonia,3245,4. Veteranos B,DEU
361,Hombre,34,Cali,3245,2. Abierta,COL
362,Hombre,47,Cali,3246,3. Veteranos A,COL
363,Hombre,29,Cali,3247,2. Abierta,COL
364,Hombre,41,Cali,3249,3. Veteranos A,COL
365,Hombre,55,Cali,3249,4. Veteranos B,COL
366,Hombre,31,Jamundi,3250,2. Abierta,COL
367,Hombre,37,Cali,3250,2. Abierta,COL
368,Hombre,56,Cali,3257,4. Veteranos B,COL
369,Hombre,27,Cali,3259,2. Abierta,COL
370,Hombre,58,Cali,3261,4. Veteranos B,COL
371,Hombre,56,Jamundi,3261,4. Veteranos B,COL
372,Hombre,34,Santander,3264,2. Abierta,COL
373,Hombre,34,Palmira,3267,2. Abierta,COL
374,Mujer,27,Cerrito,3267,2. Abierta,COL
375,Hombre,36,Cali,3268,2. Abierta,COL
376,Hombre,38,Cali,3270,2. Abierta,COL
377,Hombre,23,Cali,3270,2. Abierta,COL
378,Hombre,60,Cali,3271,5. Veteranos C,COL
379,Mujer,38,Cali,3271,2. Abierta,COL
380,Hombre,36,Cali,3271,2. Abierta,COL
381,Hombre,32,Cali,3274,2. Abierta,COL
382,Hombre,39,Cali,3276,2. Abierta,COL
383,Mujer,29,Cali,3276,2. Abierta,COL
384,Hombre,48,Cali,3277,3. Veteranos A,COL
385,Hombre,39,Cali,3277,2. Abierta,0
386,Mujer,39,Popayan,3279,2. Abierta,COL
387,Hombre,41,Cali,3279,3. Veteranos A,COL
388,Mujer,45,Cali,3280,3. Veteranos A,COL
389,Hombre,39,Cali,3281,2. Abierta,COL
390,Hombre,60,Cali,3282,5. Veteranos C,COL
391,Hombre,35,Candelaria,3287,2. Abierta,COL
392,Hombre,33,Jamundi,3288,2. Abierta,COL
393,Hombre,38,Cali,3289,2. Abierta,COL
394,Mujer,41,Cali,3291,3. Veteranos A,COL
395,Hombre,44,Cali,3291,3. Veteranos A,COL
396,Hombre,42,Cali,3292,3. Veteranos A,COL
397,Mujer,36,Cali,3293,2. Abierta,COL
398,Hombre,38,Cali,3295,2. Abierta,COL
399,Hombre,31,Candelaria,3300,2. Abierta,COL
400,Hombre,23,Cali,3302,2. Abierta,COL
401,Hombre,33,Guacari,3302,2. Abierta,COL
402,Hombre,26,Cali,3303,2. Abierta,COL
403,Hombre,40,Cali,3303,3. Veteranos A,COL
404,Mujer,40,Cali,3303,3. Veteranos A,COL
405,Hombre,63,Cali,3303,5. Veteranos C,COL
406,Hombre,30,Cali,3305,2. Abierta,COL
407,Hombre,52,Cali,3305,4. Veteranos B,COL
408,Hombre,50,Cali,3308,4. Veteranos B,COL
409,Hombre,42,Cali,3310,3. Veteranos A,COL
410,Hombre,41,Cali,3313,3. Veteranos A,COL
411,Hombre,44,Cali,3316,3. Veteranos A,COL
412,Mujer,49,Cali,3317,3. Veteranos A,COL
413,Hombre,35,Cali,3318,2. Abierta,COL
414,Mujer,37,Cali,3321,2. Abierta,COL
415,Mujer,43,Cali,3321,3. Veteranos A,COL
416,Hombre,61,Buga,3321,5. Veteranos C,COL
417,Hombre,40,Cali,3322,3. Veteranos A,COL
418,Hombre,41,Cali,3322,3. Veteranos A,COL
419,Hombre,42,Cali,3322,3. Veteranos A,COL
420,Hombre,21,Cali,3322,2. Abierta,COL
421,Hombre,41,Cali,3322,3. Veteranos A,COL
422,Mujer,33,Cali,3323,2. Abierta,COL
423,Mujer,30,Palmira,3327,2. Abierta,COL
424,Hombre,32,Cali,3327,2. Abierta,COL
425,Hombre,32,Costa Rica,3330,2. Abierta,COL
426,Mujer,31,Tulua,3331,2. Abierta,COL
427,Hombre,54,Jamundi,3331,4. Veteranos B,COL
428,Mujer,49,Cali,3332,3. Veteranos A,COL
429,Hombre,27,Cali,3334,2. Abierta,COL
430,Hombre,42,Jamundi,3335,3. Veteranos A,COL
431,Hombre,37,Cali,3335,2. Abierta,COL
432,Hombre,32,Cali,3336,2. Abierta,COL
433,Hombre,29,Jamundí,3339,2. Abierta,COL
434,Hombre,56,Cali,3339,4. Veteranos B,COL
435,Mujer,32,Cali,3339,2. Abierta,COL
436,Hombre,21,Cali,3339,2. Abierta,COL
437,Mujer,51,Cali,3340,4. Veteranos B,COL
438,Hombre,33,Cali,3340,2. Abierta,COL
439,Hombre,32,Cali,3342,2. Abierta,COL
440,Hombre,25,Cali,3342,2. Abierta,COL
441,Hombre,43,Cali,3343,3. Veteranos A,COL
442,Hombre,32,Yumbo,3343,2. Abierta,COL
443,Mujer,63,Cali,3344,5. Veteranos C,COL
444,Hombre,40,Yumbo,3345,3. Veteranos A,COL
445,Mujer,37,Cali,3345,2. Abierta,COL
446,Hombre,25,Cali,3347,2. Abierta,COL
447,Hombre,47,Cali,3347,3. Veteranos A,COL
448,Hombre,41,Cali,3350,3. Veteranos A,COL
449,Hombre,30,Cali Valle,3352,2. Abierta,COL
450,Hombre,34,Cali,3356,2. Abierta,COL
451,Hombre,51,Cali,3357,4. Veteranos B,COL
452,Hombre,54,Cali,3357,4. Veteranos B,COL
453,Hombre,35,Cali,3357,2. Abierta,COL
454,Mujer,41,Cali,3358,3. Veteranos A,COL
455,Mujer,31,Cali,3359,2. Abierta,COL
456,Hombre,52,Cali,3359,4. Veteranos B,COL
457,Mujer,41,Cali,3361,3. Veteranos A,COL
458,Hombre,28,Cali,3361,2. Abierta,COL
459,Hombre,44,Cali,3362,3. Veteranos A,COL
460,Hombre,35,Cali,3362,2. Abierta,COL
461,Mujer,38,Cali,3364,2. Abierta,COL
462,Hombre,25,Cali,3365,2. Abierta,COL
463,Hombre,33,Cali,3366,2. Abierta,COL
464,Hombre,35,Cali,3366,2. Abierta,COL
465,Hombre,29,Popayán,3366,2. Abierta,COL
466,Mujer,30,Cali,3366,2. Abierta,COL
467,Mujer,44,Cali,3366,3. Veteranos A,COL
468,Hombre,43,Cali,3367,3. Veteranos A,COL
469,Hombre,38,Cali,3367,2. Abierta,COL
470,Hombre,27,Cali,3367,2. Abierta,COL
471,Hombre,38,Jamundi,3367,2. Abierta,COL
472,Mujer,41,Cali,3367,3. Veteranos A,COL
473,Hombre,27,Cali,3368,2. Abierta,COL
474,Hombre,28,Cali,3368,2. Abierta,COL
475,Hombre,52,Riosucio,3376,4. Veteranos B,COL
476,Hombre,36,Cali,3378,2. Abierta,COL
477,Mujer,40,Cali,3378,3. Veteranos A,COL
478,Hombre,31,Cali,3379,2. Abierta,COL
479,Hombre,50,Cali,3379,4. Veteranos B,COL
480,Hombre,54,Cali,3380,4. Veteranos B,COL
481,Hombre,35,Cali,3381,2. Abierta,COL
482,Hombre,32,Cali,3382,2. Abierta,COL
483,Hombre,37,Cali,3383,2. Abierta,COL
484,Hombre,29,Cali,3384,2. Abierta,COL
485,Hombre,26,Cali,3385,2. Abierta,COL
486,Hombre,51,Cali,3386,4. Veteranos B,COL
487,Mujer,28,Cali,3386,2. Abierta,COL
488,Hombre,50,Cali,3386,4. Veteranos B,COL
489,Hombre,42,Cali,3387,3. Veteranos A,COL
490,Hombre,26,Cali,3389,2. Abierta,COL
491,Mujer,38,Cali,3389,2. Abierta,COL
492,Mujer,32,Cali,3389,2. Abierta,COL
493,Hombre,34,Cali,3392,2. Abierta,COL
494,Mujer,38,Cali,3393,2. Abierta,COL
495,Mujer,37,Cali,3395,2. Abierta,COL
496,Hombre,32,Cali,3398,2. Abierta,COL
497,Hombre,49,Jamundí,3398,3. Veteranos A,COL
498,Hombre,26,Cali,3400,2. Abierta,COL
499,Hombre,39,Cali,3402,2. Abierta,COL
500,Mujer,22,Cali,3402,2. Abierta,COL
501,Mujer,49,Cali,3404,3. Veteranos A,COL
502,Mujer,30,Cali,3405,2. Abierta,COL
503,Mujer,35,Cali,3407,2. Abierta,COL
504,Mujer,36,Cali,3408,2. Abierta,COL
505,Hombre,48,Cali,3409,3. Veteranos A,COL
506,Hombre,36,Cali,3410,2. Abierta,COL
507,Hombre,27,Cali,3411,2. Abierta,COL
508,Mujer,29,Cali,3413,2. Abierta,COL
509,Hombre,19,Cali,3414,2. Abierta,COL
510,Hombre,66,Jamundi,3414,5. Veteranos C,COL
511,Mujer,21,Cali,3415,2. Abierta,COL
512,Hombre,33,Cali,3416,2. Abierta,COL
513,Hombre,41,Cali,3416,3. Veteranos A,COL
514,Hombre,45,Sibundoy,3416,3. Veteranos A,COL
515,Hombre,40,Cali,3419,3. Veteranos A,COL
516,Hombre,44,Cali,3419,3. Veteranos A,COL
517,Hombre,41,Bogota,3420,3. Veteranos A,COL
518,Hombre,21,Cali,3421,2. Abierta,COL
519,Hombre,26,Palmira,3421,2. Abierta,COL
520,Hombre,50,Cali,3422,4. Veteranos B,COL
521,Hombre,16,Cali,3422,1. Juvenil,COL
522,Hombre,37,Cali,3424,2. Abierta,COL
523,Mujer,26,Cali,3426,2. Abierta,COL
524,Hombre,38,Popayan,3428,2. Abierta,COL
525,Hombre,26,Cali,3428,2. Abierta,COL
526,Mujer,22,Cali,3429,2. Abierta,COL
527,Hombre,44,Cali,3429,3. Veteranos A,COL
528,Hombre,37,Bogota D.c,3429,2. Abierta,COL
529,Hombre,58,Palmira,3430,4. Veteranos B,COL
530,Hombre,20,Cali,3430,2. Abierta,COL
531,Hombre,57,Cali,3431,4. Veteranos B,COL
532,Hombre,42,Cali,3432,3. Veteranos A,COL
533,Hombre,48,Popayan,3432,3. Veteranos A,COL
534,Hombre,26,Cali,3432,2. Abierta,COL
535,Mujer,31,Cali,3433,2. Abierta,COL
536,Hombre,28,Cali,3435,2. Abierta,COL
537,Hombre,42,Cali,3436,3. Veteranos A,COL
538,Hombre,41,Cali,3436,3. Veteranos A,COL
539,Hombre,48,Cali,3437,3. Veteranos A,COL
540,Mujer,33,Cali,3437,2. Abierta,COL
541,Hombre,25,Cali,3438,2. Abierta,COL
542,Hombre,24,Cali,3440,2. Abierta,COL
543,Mujer,41,Cali,3440,3. Veteranos A,COL
544,Mujer,35,Cali,3440,2. Abierta,COL
545,Hombre,37,Cali,3441,2. Abierta,COL
546,Hombre,33,Cali,3441,2. Abierta,COL
547,Mujer,30,Cali,3445,2. Abierta,COL
548,Hombre,33,Cali,3445,2. Abierta,COL
549,Hombre,31,Santander De Quilichao,3445,2. Abierta,COL
550,Hombre,55,Cali,3445,4. Veteranos B,COL
551,Hombre,30,Cali,3446,2. Abierta,COL
552,Hombre,31,Cali,3446,2. Abierta,COL
553,Mujer,39,Cali,3446,2. Abierta,COL
554,Hombre,56,Cali,3447,4. Veteranos B,COL
555,Hombre,47,Cali,3449,3. Veteranos A,COL
556,Hombre,42,Cali,3449,3. Veteranos A,COL
557,Mujer,39,Cali,3450,2. Abierta,COL
558,Hombre,34,Cali,3450,2. Abierta,COL
559,Hombre,43,Cali,3452,3. Veteranos A,COL
560,Hombre,35,Yumbo,3453,2. Abierta,COL
561,Hombre,57,Cali,3454,4. Veteranos B,COL
562,Hombre,52,Cali,3454,4. Veteranos B,COL
563,Hombre,34,Cali,3458,2. Abierta,COL
564,Hombre,39,Cali,3459,2. Abierta,COL
565,Mujer,39,Pasto,3460,2. Abierta,COL
566,Hombre,40,Jamundi,3460,3. Veteranos A,COL
567,Mujer,29,Cali,3460,2. Abierta,COL
568,Hombre,47,Cali,3461,3. Veteranos A,COL
569,Hombre,43,Bogotá,3462,3. Veteranos A,COL
570,Hombre,34,Cali,3464,2. Abierta,COL
571,Mujer,46,Cali,3468,3. Veteranos A,COL
572,Hombre,36,Cali,3473,2. Abierta,COL
573,Mujer,35,Bogotá,3474,2. Abierta,COL
574,Hombre,45,Bogotá,3474,3. Veteranos A,COL
575,Mujer,36,Cali,3475,2. Abierta,COL
576,Hombre,33,Cali,3475,2. Abierta,COL
577,Hombre,35,Cali,3475,2. Abierta,COL
578,Hombre,38,Popayan,3477,2. Abierta,COL
579,Hombre,38,Cali,3477,2. Abierta,COL
580,Hombre,34,Cali,3479,2. Abierta,COL
581,Hombre,32,Cali,3479,2. Abierta,COL
582,Mujer,18,Cali,3479,2. Abierta,COL
583,Mujer,34,Cali,3480,2. Abierta,COL
584,Hombre,30,Cali,3481,2. Abierta,COL
585,Hombre,39,Cerrito,3482,2. Abierta,COL
586,Hombre,28,Cali,3482,2. Abierta,COL
587,Mujer,28,Jamundi,3482,2. Abierta,COL
588,Hombre,31,Cali,3482,2. Abierta,COL
589,Hombre,55,Cali,3484,4. Veteranos B,COL
590,Hombre,38,Cali,3486,2. Abierta,COL
591,Hombre,26,Cali,3487,2. Abierta,COL
592,Hombre,33,Cali,3487,2. Abierta,COL
593,Mujer,50,Cali,3489,4. Veteranos B,COL
594,Mujer,42,Cali,3489,3. Veteranos A,COL
595,Hombre,42,Jamundi,3490,3. Veteranos A,COL
596,Hombre,26,Cali,3490,2. Abierta,COL
597,Hombre,62,Cali,3490,5. Veteranos C,COL
598,Hombre,27,Cali,3491,2. Abierta,COL
599,Mujer,50,Cali,3493,4. Veteranos B,COL
600,Hombre,46,Cali,3495,3. Veteranos A,COL
601,Mujer,25,Cali,3495,2. Abierta,COL
602,Hombre,32,Cali,3495,2. Abierta,0
603,Hombre,27,Cali,3495,2. Abierta,COL
604,Hombre,33,Cali,3496,2. Abierta,COL
605,Hombre,26,Cali,3496,2. Abierta,COL
606,Mujer,25,Cali,3497,2. Abierta,COL
607,Mujer,33,Cali,3498,2. Abierta,COL
608,Hombre,49,Cali,3499,3. Veteranos A,COL
609,Hombre,28,Popayán,3499,2. Abierta,COL
610,Hombre,57,Pereira,3500,4. Veteranos B,COL
611,Hombre,36,Cali,3502,2. Abierta,0
612,Mujer,42,Cali,3502,3. Veteranos A,COL
613,Hombre,32,Cali,3502,2. Abierta,COL
614,Hombre,56,Palmira,3502,4. Veteranos B,COL
615,Hombre,36,Cali,3502,2. Abierta,COL
616,Mujer,34,Cali,3502,2. Abierta,COL
617,Hombre,23,Cali,3503,2. Abierta,COL
618,Mujer,32,Cali,3503,2. Abierta,COL
619,Mujer,23,Palmira,3503,2. Abierta,COL
620,Mujer,58,Cali,3507,4. Veteranos B,COL
621,Hombre,37,Cali,3507,2. Abierta,COL
622,Mujer,64,Cali,3508,5. Veteranos C,COL
623,Mujer,56,Cali,3508,4. Veteranos B,COL
624,Hombre,39,Palmira,3509,2. Abierta,COL
625,Hombre,43,Cali,3509,3. Veteranos A,COL
626,Hombre,39,Cali,3510,2. Abierta,COL
627,Hombre,26,Cali,3512,2. Abierta,COL
628,Hombre,41,Cali,3513,3. Veteranos A,COL
629,Hombre,40,Cali,3514,3. Veteranos A,COL
630,Mujer,33,Cali,3514,2. Abierta,COL
631,Mujer,35,Cali,3515,2. Abierta,COL
632,Hombre,57,Cali,3515,4. Veteranos B,COL
633,Mujer,53,Cali,3516,4. Veteranos B,COL
634,Mujer,27,Cali,3516,2. Abierta,COL
635,Hombre,51,Cali,3517,4. Veteranos B,COL
636,Mujer,33,Popayan,3517,2. Abierta,COL
637,Hombre,34,Cali,3517,2. Abierta,COL
638,Hombre,33,Popayan,3517,2. Abierta,COL
639,Hombre,61,Cali,3522,5. Veteranos C,COL
640,Mujer,34,Cali,3525,2. Abierta,COL
641,Hombre,55,Cali,3527,4. Veteranos B,COL
642,Hombre,49,Cali,3528,3. Veteranos A,COL
643,Hombre,35,Cali,3529,2. Abierta,COL
644,Hombre,38,Cali,3529,2. Abierta,COL
645,Hombre,30,Cali,3531,2. Abierta,COL
646,Hombre,18,Cali,3531,2. Abierta,COL
647,Hombre,18,Cali,3532,2. Abierta,COL
648,Mujer,35,Cali,3532,2. Abierta,COL
649,Hombre,46,Cali,3532,3. Veteranos A,COL
650,Mujer,41,Cali,3533,3. Veteranos A,COL
651,Mujer,33,Cali,3533,2. Abierta,COL
652,Hombre,30,Cali,3533,2. Abierta,COL
653,Hombre,24,Cali,3536,2. Abierta,COL
654,Hombre,25,Cali,3537,2. Abierta,COL
655,Hombre,32,Yumbo,3538,2. Abierta,COL
656,Hombre,30,Jamundí,3539,2. Abierta,COL
657,Hombre,42,Palmira,3539,3. Veteranos A,COL
658,Hombre,40,Cali,3539,3. Veteranos A,COL
659,Mujer,26,Candelaria,3540,2. Abierta,COL
660,Hombre,36,Cali,3540,2. Abierta,COL
661,Mujer,28,Cali,3542,2. Abierta,COL
662,Mujer,57,Cali,3542,4. Veteranos B,COL
663,Mujer,34,Cali,3543,2. Abierta,COL
664,Mujer,29,Cali,3543,2. Abierta,COL
665,Hombre,42,Cali,3543,3. Veteranos A,COL
666,Hombre,46,Cali,3544,3. Veteranos A,COL
667,Hombre,35,Cali,3544,2. Abierta,COL
668,Hombre,50,Cali,3546,4. Veteranos B,COL
669,Hombre,48,Cali,3546,3. Veteranos A,COL
670,Hombre,54,Cali,3547,4. Veteranos B,COL
671,Hombre,65,Cali,3547,5. Veteranos C,COL
672,Hombre,26,Cali,3547,2. Abierta,COL
673,Hombre,23,Palmira,3548,2. Abierta,COL
674,Hombre,35,Cali,3548,2. Abierta,COL
675,Hombre,52,Cali,3549,4. Veteranos B,COL
676,Mujer,32,Cali,3551,2. Abierta,COL
677,Hombre,35,Cali,3552,2. Abierta,COL
678,Hombre,39,Cali,3552,2. Abierta,COL
679,Hombre,36,Cali,3554,2. Abierta,COL
680,Hombre,50,Cali,3554,4. Veteranos B,COL
681,Hombre,34,Cali,3556,2. Abierta,COL
682,Hombre,35,Cali,3556,2. Abierta,COL
683,Mujer,40,Cali,3557,3. Veteranos A,COL
684,Mujer,30,Cali,3557,2. Abierta,COL
685,Hombre,40,Cali,3558,3. Veteranos A,COL
686,Mujer,32,Cali,3558,2. Abierta,COL
687,Hombre,32,Cali,3559,2. Abierta,COL
688,Hombre,25,Cali,3560,2. Abierta,COL
689,Hombre,29,Cali,3560,2. Abierta,COL
690,Hombre,28,Cali,3560,2. Abierta,COL
691,Hombre,41,Cali,3562,3. Veteranos A,COL
692,Hombre,21,Cali,3563,2. Abierta,COL
693,Mujer,63,Cali,3563,5. Veteranos C,COL
694,Hombre,27,Cali,3564,2. Abierta,COL
695,Hombre,40,Cali,3564,3. Veteranos A,COL
696,Hombre,36,Cali,3565,2. Abierta,COL
697,Hombre,40,Cali,3565,3. Veteranos A,COL
698,Mujer,37,Cali,3565,2. Abierta,COL
699,Mujer,31,Cali,3565,2. Abierta,COL
700,Hombre,26,Cali,3567,2. Abierta,COL
701,Mujer,31,Cali,3568,2. Abierta,COL
702,Mujer,24,Cali,3569,2. Abierta,COL
703,Mujer,33,Candelaria,3570,2. Abierta,COL
704,Hombre,71,Cali,3570,5. Veteranos C,COL
705,Hombre,43,Cali,3571,3. Veteranos A,COL
706,Hombre,55,Cali,3571,4. Veteranos B,COL
707,Hombre,38,Cali,3572,2. Abierta,COL
708,Hombre,23,Cali,3573,2. Abierta,COL
709,Hombre,27,Cali,3573,2. Abierta,COL
710,Hombre,29,Cali,3575,2. Abierta,COL
711,Hombre,20,Cali,3576,2. Abierta,COL
712,Hombre,26,Cali,3576,2. Abierta,COL
713,Mujer,27,Cali,3576,2. Abierta,COL
714,Mujer,21,Cali,3577,2. Abierta,COL
715,Hombre,46,Cali,3578,3. Veteranos A,COL
716,Mujer,35,Cali,3578,2. Abierta,COL
717,Hombre,61,Cali,3579,5. Veteranos C,COL
718,Mujer,36,Cali,3579,2. Abierta,COL
719,Hombre,57,Palmira,3580,4. Veteranos B,COL
720,Hombre,36,Cali,3581,2. Abierta,COL
721,Hombre,23,Cali,3582,2. Abierta,COL
722,Hombre,29,Cali,3586,2. Abierta,COL
723,Hombre,38,Cali,3586,2. Abierta,COL
724,Mujer,26,Pasto,3587,2. Abierta,COL
725,Hombre,54,Popayán,3587,4. Veteranos B,COL
726,Hombre,46,Köln,3588,3. Veteranos A,DEU
727,Mujer,36,Cali,3589,2. Abierta,COL
728,Hombre,55,Cali,3589,4. Veteranos B,COL
729,Mujer,28,Cali,3591,2. Abierta,COL
730,Mujer,25,Cali,3591,2. Abierta,COL
731,Hombre,40,Cali,3591,3. Veteranos A,COL
732,Hombre,25,Candelaria,3592,2. Abierta,COL
733,Mujer,45,Cali,3594,3. Veteranos A,COL
734,Hombre,32,Cali,3595,2. Abierta,COL
735,Mujer,24,Cali,3595,2. Abierta,COL
736,Hombre,34,Cali,3595,2. Abierta,COL
737,Mujer,27,Cali,3596,2. Abierta,COL
738,Mujer,33,Cali,3596,2. Abierta,COL
739,Hombre,38,Cali,3600,2. Abierta,COL
740,Mujer,58,Cali,3601,4. Veteranos B,COL
741,Hombre,44,Cali,3602,3. Veteranos A,COL
742,Hombre,23,Cali,3604,2. Abierta,COL
743,Mujer,47,Cali,3605,3. Veteranos A,COL
744,Hombre,37,Cali,3607,2. Abierta,COL
745,Hombre,30,Cali,3607,2. Abierta,COL
746,Hombre,58,Cali,3610,4. Veteranos B,COL
747,Hombre,72,Cali,3611,5. Veteranos C,COL
748,Hombre,29,Cali,3612,2. Abierta,COL
749,Mujer,32,Cali,3613,2. Abierta,COL
750,Hombre,30,Cali,3617,2. Abierta,COL
751,Hombre,43,Cali,3617,3. Veteranos A,COL
752,Hombre,34,Cali,3617,2. Abierta,COL
753,Mujer,35,Cali,3618,2. Abierta,COL
754,Hombre,38,Cali,3620,2. Abierta,COL
755,Hombre,50,Cali,3620,4. Veteranos B,COL
756,Hombre,35,Cali,3621,2. Abierta,COL
757,Hombre,42,Cali,3622,3. Veteranos A,COL
758,Mujer,16,Cali,3623,1. Juvenil,COL
759,Mujer,43,Cali,3624,3. Veteranos A,COL
760,Mujer,47,Cali,3624,3. Veteranos A,COL
761,Mujer,43,Cali,3625,3. Veteranos A,COL
762,Hombre,34,Cali,3625,2. Abierta,COL
763,Hombre,40,Dagua,3625,3. Veteranos A,COL
764,Hombre,18,Cali,3625,2. Abierta,COL
765,Mujer,33,Cali,3627,2. Abierta,COL
766,Mujer,44,Cali,3628,3. Veteranos A,COL
767,Hombre,48,Cali,3629,3. Veteranos A,COL
768,Hombre,25,Vijes,3629,2. Abierta,COL
769,Hombre,39,Cali,3629,2. Abierta,COL
770,Hombre,32,Cali,3630,2. Abierta,COL
771,Mujer,42,Cali,3631,3. Veteranos A,COL
772,Mujer,40,Cali,3633,3. Veteranos A,COL
773,Mujer,43,Cali,3637,3. Veteranos A,COL
774,Mujer,46,El Cerrito,3637,3. Veteranos A,COL
775,Hombre,31,Cali,3637,2. Abierta,COL
776,Hombre,51,Cali,3638,4. Veteranos B,COL
777,Mujer,38,Cali,3638,2. Abierta,COL
778,Mujer,34,Cali,3640,2. Abierta,COL
779,Hombre,68,Popayan,3643,5. Veteranos C,COL
780,Hombre,44,Cali,3644,3. Veteranos A,COL
781,Hombre,33,Cali,3644,2. Abierta,COL
782,Mujer,33,Cali,3645,2. Abierta,COL
783,Hombre,42,Cali,3646,3. Veteranos A,COL
784,Hombre,34,Cali,3647,2. Abierta,COL
785,Hombre,42,Cali,3647,3. Veteranos A,COL
786,Hombre,32,Bogotá,3647,2. Abierta,COL
787,Hombre,37,Cali,3648,2. Abierta,COL
788,Hombre,25,Cali,3648,2. Abierta,COL
789,Hombre,43,Cali,3648,3. Veteranos A,COL
790,Mujer,24,Cali,3652,2. Abierta,COL
791,Hombre,46,Cali,3653,3. Veteranos A,COL
792,Hombre,29,Cali,3655,2. Abierta,COL
793,Mujer,40,Cali,3655,3. Veteranos A,COL
794,Hombre,39,Cali,3656,2. Abierta,COL
795,Hombre,46,Cali,3659,3. Veteranos A,COL
796,Mujer,33,Cali,3659,2. Abierta,COL
797,Mujer,37,Cali,3659,2. Abierta,COL
798,Hombre,41,Puerto Tejada,3661,3. Veteranos A,COL
799,Hombre,33,Cali,3661,2. Abierta,COL
800,Mujer,33,Cali,3662,2. Abierta,COL
801,Hombre,48,Cali,3662,3. Veteranos A,COL
802,Hombre,41,Bogota,3662,3. Veteranos A,COL
803,Mujer,28,Cali,3662,2. Abierta,COL
804,Mujer,25,Cali,3663,2. Abierta,COL
805,Hombre,43,Cali,3663,3. Veteranos A,COL
806,Hombre,41,Cali,3664,3. Veteranos A,COL
807,Mujer,16,Cali,3666,1. Juvenil,COL
808,Hombre,34,Cali,3667,2. Abierta,COL
809,Hombre,29,Cali,3667,2. Abierta,COL
810,Hombre,31,Cali,3667,2. Abierta,COL
811,Hombre,40,Cali,3667,3. Veteranos A,COL
812,Hombre,46,Cali,3668,3. Veteranos A,COL
813,Hombre,16,Cali,3668,1. Juvenil,COL
814,Hombre,29,Cali,3668,2. Abierta,COL
815,Hombre,36,Cali,3669,2. Abierta,COL
816,Hombre,33,Cali,3669,2. Abierta,COL
817,Hombre,45,Cali,3670,3. Veteranos A,COL
818,Hombre,26,Cali,3671,2. Abierta,COL
819,Hombre,26,Cali,3672,2. Abierta,COL
820,Hombre,35,Cali,3673,2. Abierta,COL
821,Hombre,49,Jamundi,3674,3. Veteranos A,COL
822,Hombre,49,Cali,3676,3. Veteranos A,COL
823,Mujer,35,Cali,3677,2. Abierta,COL
824,Hombre,30,Cali,3677,2. Abierta,COL
825,Mujer,37,Cali,3677,2. Abierta,COL
826,Hombre,31,Cali,3677,2. Abierta,COL
827,Hombre,28,Santander De Quilichao,3677,2. Abierta,COL
828,Mujer,33,Cali,3678,2. Abierta,COL
829,Mujer,30,Cali,3680,2. Abierta,COL
830,Mujer,46,Cali,3680,3. Veteranos A,COL
831,Mujer,19,Cali,3681,2. Abierta,COL
832,Hombre,27,Cali,3682,2. Abierta,COL
833,Mujer,38,Cali,3682,2. Abierta,COL
834,Hombre,30,Cali,3684,2. Abierta,COL
835,Hombre,44,Palmira,3684,3. Veteranos A,COL
836,Hombre,45,Cali,3684,3. Veteranos A,COL
837,Hombre,35,Cali,3686,2. Abierta,COL
838,Mujer,51,Cali,3686,4. Veteranos B,COL
839,Hombre,51,Cali,3689,4. Veteranos B,COL
840,Hombre,35,Cali,3689,2. Abierta,COL
841,Mujer,46,Cali,3692,3. Veteranos A,COL
842,Hombre,42,Cali,3693,3. Veteranos A,COL
843,Hombre,31,Cali,3696,2. Abierta,COL
844,Mujer,38,Cali,3697,2. Abierta,COL
845,Mujer,25,Cali,3699,2. Abierta,COL
846,Hombre,31,Cali,3699,2. Abierta,COL
847,Mujer,34,Cali,3700,2. Abierta,COL
848,Hombre,42,Cali,3700,3. Veteranos A,COL
849,Mujer,23,Cali,3700,2. Abierta,COL
850,Hombre,45,Cali,3701,3. Veteranos A,COL
851,Hombre,28,Cali,3702,2. Abierta,COL
852,Hombre,41,Cali,3704,3. Veteranos A,COL
853,Hombre,37,Cali,3705,2. Abierta,COL
854,Hombre,47,Cali,3707,3. Veteranos A,COL
855,Hombre,48,Cali,3707,3. Veteranos A,COL
856,Hombre,33,Cali,3710,2. Abierta,COL
857,Mujer,30,Cali,3710,2. Abierta,BTN
858,Hombre,32,Cali,3710,2. Abierta,COL
859,Mujer,60,Cali,3711,5. Veteranos C,COL
860,Hombre,57,Cali,3711,4. Veteranos B,COL
861,Mujer,37,Cali,3713,2. Abierta,COL
862,Hombre,62,Palmira,3714,5. Veteranos C,COL
863,Hombre,45,Cali,3714,3. Veteranos A,COL
864,Hombre,25,Cali,3715,2. Abierta,COL
865,Hombre,28,Cali,3715,2. Abierta,COL
866,Hombre,41,Ginebra,3716,3. Veteranos A,COL
867,Mujer,33,Cali,3718,2. Abierta,COL
868,Mujer,32,Popayán,3719,2. Abierta,COL
869,Hombre,41,Cali,3721,3. Veteranos A,COL
870,Mujer,37,Cali,3721,2. Abierta,COL
871,Mujer,43,Palmira,3722,3. Veteranos A,COL
872,Mujer,49,Cali,3722,3. Veteranos A,COL
873,Mujer,51,Cali,3722,4. Veteranos B,COL
874,Hombre,26,Cali,3724,2. Abierta,COL
875,Hombre,24,Cali,3724,2. Abierta,COL
876,Hombre,53,Cali,3726,4. Veteranos B,COL
877,Mujer,26,Cali,3728,2. Abierta,COL
878,Hombre,49,Cali,3728,3. Veteranos A,COL
879,Hombre,50,Cali,3729,4. Veteranos B,COL
880,Hombre,36,Cali,3731,2. Abierta,COL
881,Hombre,51,Cali,3732,4. Veteranos B,COL
882,Mujer,32,Cali,3733,2. Abierta,COL
883,Mujer,37,Cali,3734,2. Abierta,COL
884,Hombre,34,Cali,3735,2. Abierta,COL
885,Hombre,44,Cali,3735,3. Veteranos A,COL
886,Hombre,35,Cali,3735,2. Abierta,COL
887,Hombre,33,Cali,3736,2. Abierta,COL
888,Hombre,39,Cali,3737,2. Abierta,COL
889,Mujer,46,Cali,3737,3. Veteranos A,COL
890,Mujer,45,Cali,3737,3. Veteranos A,COL
891,Hombre,37,Cali,3738,2. Abierta,COL
892,Mujer,36,Cali,3739,2. Abierta,COL
893,Mujer,30,Cali,3739,2. Abierta,COL
894,Hombre,35,Cali,3739,2. Abierta,COL
895,Mujer,22,Cali,3740,2. Abierta,COL
896,Hombre,43,Cali,3741,3. Veteranos A,COL
897,Mujer,43,Cali,3742,3. Veteranos A,COL
898,Hombre,60,Cali,3743,5. Veteranos C,COL
899,Mujer,30,Cali,3743,2. Abierta,COL
900,Mujer,30,Cali,3744,2. Abierta,COL
901,Hombre,45,Cali,3744,3. Veteranos A,COL
902,Mujer,49,Bogota,3748,3. Veteranos A,COL
903,Hombre,16,Cali,3749,1. Juvenil,COL
904,Hombre,40,Cali,3749,3. Veteranos A,COL
905,Hombre,49,Bogota,3749,3. Veteranos A,COL
906,Mujer,31,Cali,3750,2. Abierta,COL
907,Hombre,43,Cali,3751,3. Veteranos A,COL
908,Hombre,22,Cali,3753,2. Abierta,COL
909,Hombre,50,Cali,3754,4. Veteranos B,COL
910,Mujer,43,Jamundi,3755,3. Veteranos A,COL
911,Hombre,34,Cali,3755,2. Abierta,COL
912,Hombre,41,Cali,3755,3. Veteranos A,COL
913,Mujer,34,Cali,3755,2. Abierta,COL
914,Mujer,51,Cali,3757,4. Veteranos B,COL
915,Mujer,52,Cali,3757,4. Veteranos B,COL
916,Hombre,31,Cali,3758,2. Abierta,COL
917,Mujer,23,Cali,3758,2. Abierta,COL
918,Mujer,32,Cali,3759,2. Abierta,COL
919,Hombre,47,Cali,3762,3. Veteranos A,COL
920,Hombre,24,Cali,3763,2. Abierta,COL
921,Mujer,32,Cali,3764,2. Abierta,COL
922,Mujer,62,Cali,3766,5. Veteranos C,COL
923,Mujer,35,Cali,3766,2. Abierta,COL
924,Hombre,41,Jamundi,3766,3. Veteranos A,COL
925,Mujer,25,Jamundí,3766,2. Abierta,COL
926,Hombre,36,Cali,3767,2. Abierta,COL
927,Mujer,37,Cali,3767,2. Abierta,COL
928,Hombre,33,Cali,3768,2. Abierta,COL
929,Mujer,39,Cali,3769,2. Abierta,COL
930,Mujer,34,Cali,3770,2. Abierta,COL
931,Hombre,25,Cali,3772,2. Abierta,0
932,Hombre,32,Cali,3773,2. Abierta,COL
933,Hombre,52,Cali,3773,4. Veteranos B,COL
934,Hombre,61,Cali,3773,5. Veteranos C,COL
935,Mujer,27,Cali,3774,2. Abierta,COL
936,Hombre,46,Cali,3776,3. Veteranos A,COL
937,Hombre,33,Cali,3777,2. Abierta,COL
938,Hombre,34,Cali,3777,2. Abierta,COL
939,Mujer,29,Cali,3777,2. Abierta,COL
940,Mujer,28,Cali,3778,2. Abierta,COL
941,Mujer,26,Cali,3779,2. Abierta,COL
942,Mujer,46,Cali,3779,3. Veteranos A,COL
943,Hombre,52,Tulua,3781,4. Veteranos B,COL
944,Mujer,33,Cali,3781,2. Abierta,COL
945,Mujer,26,Cali,3782,2. Abierta,0
946,Mujer,31,Tolu,3782,2. Abierta,COL
947,Hombre,41,Palmira,3783,3. Veteranos A,COL
948,Hombre,56,Cali,3783,4. Veteranos B,COL
949,Hombre,35,Cali,3783,2. Abierta,COL
950,Mujer,33,Cali,3788,2. Abierta,COL
951,Hombre,48,Cali,3801,3. Veteranos A,COL
952,Mujer,43,Cali,3802,3. Veteranos A,COL
953,Mujer,50,Cali,3805,4. Veteranos B,COL
954,Mujer,46,Cali,3806,3. Veteranos A,COL
955,Mujer,32,Cali,3806,2. Abierta,COL
956,Mujer,50,Cali,3807,4. Veteranos B,COL
957,Mujer,31,Cali,3808,2. Abierta,COL
958,Mujer,43,Cali,3810,3. Veteranos A,COL
959,Hombre,51,Cali,3810,4. Veteranos B,COL
960,Mujer,32,Cali,3810,2. Abierta,COL
961,Hombre,41,Cali,3810,3. Veteranos A,COL
962,Mujer,37,Cali,3811,2. Abierta,COL
963,Hombre,39,Cali,3812,2. Abierta,COL
964,Hombre,50,Cali,3812,4. Veteranos B,COL
965,Hombre,55,Cali,3812,4. Veteranos B,COL
966,Mujer,22,Cali,3813,2. Abierta,COL
967,Hombre,39,Cali,3813,2. Abierta,COL
968,Mujer,31,Cali,3816,2. Abierta,COL
969,Hombre,27,Cali,3817,2. Abierta,COL
970,Hombre,52,Cali,3820,4. Veteranos B,COL
971,Mujer,29,Cali,3822,2. Abierta,COL
972,Hombre,37,Cali,3826,2. Abierta,COL
973,Hombre,59,Cali,3828,4. Veteranos B,COL
974,Mujer,45,Cali,3831,3. Veteranos A,COL
975,Hombre,29,Cali,3834,2. Abierta,COL
976,Mujer,41,Cali,3834,3. Veteranos A,COL
977,Mujer,49,Cali,3834,3. Veteranos A,COL
978,Mujer,35,Cali,3836,2. Abierta,COL
979,Mujer,45,Candelaria,3837,3. Veteranos A,COL
980,Hombre,42,Cali,3838,3. Veteranos A,COL
981,Hombre,50,Cali,3838,4. Veteranos B,COL
982,Hombre,39,Cali,3840,2. Abierta,COL
983,Mujer,35,Cali,3841,2. Abierta,COL
984,Hombre,52,Cali,3841,4. Veteranos B,COL
985,Mujer,31,Cali,3843,2. Abierta,COL
986,Hombre,58,Cali,3846,4. Veteranos B,COL
987,Hombre,30,Panamá,3846,2. Abierta,0
988,Mujer,30,Cali,3847,2. Abierta,COL
989,Hombre,63,Cali,3847,5. Veteranos C,COL
990,Hombre,36,Cali,3852,2. Abierta,COL
991,Hombre,45,Cali,3853,3. Veteranos A,COL
992,Mujer,63,Cali,3854,5. Veteranos C,COL
993,Mujer,25,Cali,3854,2. Abierta,COL
994,Mujer,46,Cali,3857,3. Veteranos A,COL
995,Hombre,28,Cali,3859,2. Abierta,COL
996,Hombre,50,Cali,3859,4. Veteranos B,COL
997,Hombre,67,Cali,3859,5. Veteranos C,COL
998,Mujer,52,Cali,3860,4. Veteranos B,COL
999,Mujer,28,Cali,3861,2. Abierta,COL
1000,Hombre,50,Cali,3863,4. Veteranos B,COL
1001,Hombre,56,Cali,3863,4. Veteranos B,COL
1002,Hombre,58,Cali,3864,4. Veteranos B,COL
1003,Hombre,27,Cali,3867,2. Abierta,COL
1004,Hombre,31,Cali,3868,2. Abierta,COL
1005,Hombre,43,Cali,3868,3. Veteranos A,COL
1006,Mujer,20,Cali,3870,2. Abierta,COL
1007,Hombre,55,Cali,3872,4. Veteranos B,COL
1008,Mujer,28,Cali,3872,2. Abierta,COL
1009,Mujer,26,Cali,3873,2. Abierta,COL
1010,Hombre,41,Cali,3876,3. Veteranos A,COL
1011,Hombre,53,Cali,3878,4. Veteranos B,COL
1012,Mujer,52,Cali,3878,4. Veteranos B,COL
1013,Mujer,31,Cali,3879,2. Abierta,COL
1014,Mujer,25,Cali,3879,2. Abierta,COL
1015,Hombre,28,Cali,3880,2. Abierta,COL
1016,Hombre,26,Cali,3880,2. Abierta,COL
1017,Hombre,44,Cali,3881,3. Veteranos A,COL
1018,Mujer,35,Cali,3881,2. Abierta,COL
1019,Hombre,59,Cali,3883,4. Veteranos B,COL
1020,Hombre,58,Cali,3884,4. Veteranos B,COL
1021,Hombre,54,Cali,3893,4. Veteranos B,COL
1022,Mujer,52,Roldanillo,3893,4. Veteranos B,COL
1023,Hombre,27,Cali,3894,2. Abierta,COL
1024,Mujer,59,Cali,3894,4. Veteranos B,COL
1025,Hombre,43,Cali,3895,3. Veteranos A,COL
1026,Mujer,41,Cali,3896,3. Veteranos A,0
1027,Hombre,51,Cali,3897,4. Veteranos B,COL
1028,Hombre,37,Cali,3899,2. Abierta,COL
1029,Mujer,31,Jamundi,3900,2. Abierta,COL
1030,Mujer,28,Cali,3900,2. Abierta,COL
1031,Hombre,58,Cali,3902,4. Veteranos B,COL
1032,Mujer,35,Cali,3903,2. Abierta,COL
1033,Hombre,32,Cali,3903,2. Abierta,COL
1034,Hombre,29,Cali,3904,2. Abierta,COL
1035,Mujer,35,Jamundi,3906,2. Abierta,COL
1036,Hombre,25,Cali,3907,2. Abierta,COL
1037,Hombre,59,Cali,3908,4. Veteranos B,COL
1038,Mujer,40,Cali,3909,3. Veteranos A,COL
1039,Hombre,42,Cali,3910,3. Veteranos A,COL
1040,Hombre,51,Cali,3911,4. Veteranos B,COL
1041,Hombre,29,Florida,3913,2. Abierta,COL
1042,Mujer,39,Cali,3914,2. Abierta,COL
1043,Mujer,43,Popayan,3915,3. Veteranos A,COL
1044,Hombre,22,Florida Va,3916,2. Abierta,COL
1045,Mujer,34,Cali,3917,2. Abierta,COL
1046,Mujer,40,Cali,3918,3. Veteranos A,COL
1047,Mujer,54,Cali,3919,4. Veteranos B,COL
1048,Hombre,45,Cali,3920,3. Veteranos A,COL
1049,Mujer,34,Cali,3920,2. Abierta,COL
1050,Hombre,27,Cali,3920,2. Abierta,COL
1051,Hombre,22,Cali,3921,2. Abierta,COL
1052,Mujer,34,Cali,3921,2. Abierta,0
1053,Mujer,24,Cali,3922,2. Abierta,COL
1054,Hombre,51,Cali,3922,4. Veteranos B,COL
1055,Mujer,54,Cali,3924,4. Veteranos B,COL
1056,Hombre,38,Armenia,3924,2. Abierta,COL
1057,Hombre,43,Cali,3926,3. Veteranos A,COL
1058,Mujer,38,Cali,3928,2. Abierta,COL
1059,Mujer,32,Cali,3929,2. Abierta,COL
1060,Mujer,33,Cali,3930,2. Abierta,COL
1061,Mujer,25,Cali,3932,2. Abierta,COL
1062,Mujer,43,Cali,3933,3. Veteranos A,COL
1063,Mujer,24,Cali,3939,2. Abierta,COL
1064,Mujer,47,Cali,3940,3. Veteranos A,COL
1065,Hombre,27,Cali,3943,2. Abierta,COL
1066,Hombre,37,Cali,3943,2. Abierta,COL
1067,Hombre,40,Pasto,3943,3. Veteranos A,COL
1068,Hombre,53,Candelaria,3944,4. Veteranos B,COL
1069,Mujer,22,Cali,3946,2. Abierta,COL
1070,Mujer,62,Cali,3947,5. Veteranos C,COL
1071,Mujer,52,Cali,3947,4. Veteranos B,COL
1072,Hombre,58,Cali,3947,4. Veteranos B,COL
1073,Mujer,32,Cali,3948,2. Abierta,COL
1074,Hombre,37,Cali,3949,2. Abierta,COL
1075,Mujer,43,Cali,3950,3. Veteranos A,COL
1076,Mujer,58,Cali,3952,4. Veteranos B,0
1077,Mujer,29,Cali,3954,2. Abierta,COL
1078,Hombre,31,Cali,3954,2. Abierta,COL
1079,Mujer,27,Cali,3954,2. Abierta,COL
1080,Hombre,30,Cali,3955,2. Abierta,COL
1081,Hombre,40,Pasto,3955,3. Veteranos A,COL
1082,Mujer,29,Cali,3956,2. Abierta,COL
1083,Mujer,31,Cali,3957,2. Abierta,COL
1084,Hombre,52,Cali,3958,4. Veteranos B,COL
1085,Mujer,23,Cali,3960,2. Abierta,COL
1086,Mujer,23,Cali,3960,2. Abierta,COL
1087,Hombre,50,Cali,3960,4. Veteranos B,COL
1088,Hombre,44,Cali,3962,3. Veteranos A,COL
1089,Hombre,26,Cali,3963,2. Abierta,COL
1090,Mujer,31,Cali,3964,2. Abierta,COL
1091,Hombre,41,Cali,3965,3. Veteranos A,COL
1092,Mujer,30,Cali,3965,2. Abierta,COL
1093,Hombre,55,Cali,3966,4. Veteranos B,COL
1094,Hombre,47,Cali,3967,3. Veteranos A,COL
1095,Mujer,38,Cali,3967,2. Abierta,COL
1096,Hombre,37,Cali,3968,2. Abierta,COL
1097,Hombre,47,Cali,3969,3. Veteranos A,COL
1098,Hombre,44,Cali,3970,3. Veteranos A,COL
1099,Mujer,27,Cali,3971,2. Abierta,COL
1100,Hombre,34,Cali,3971,2. Abierta,COL
1101,Hombre,27,Cali,3971,2. Abierta,COL
1102,Hombre,27,Cali,3974,2. Abierta,COL
1103,Hombre,40,Cali,3975,3. Veteranos A,COL
1104,Hombre,34,Cali,3975,2. Abierta,COL
1105,Mujer,50,Cali,3977,4. Veteranos B,COL
1106,Mujer,28,Puerto Tejada,3977,2. Abierta,COL
1107,Hombre,36,Cali,3977,2. Abierta,COL
1108,Mujer,31,Cali,3978,2. Abierta,COL
1109,Mujer,26,Cali,3978,2. Abierta,COL
1110,Mujer,42,Cali,3978,3. Veteranos A,COL
1111,Hombre,63,Cali,3979,5. Veteranos C,COL
1112,Mujer,54,Cali,3979,4. Veteranos B,COL
1113,Hombre,32,Cali,3980,2. Abierta,COL
1114,Mujer,49,Cali,3981,3. Veteranos A,COL
1115,Hombre,32,Cali,3983,2. Abierta,COL
1116,Mujer,35,Cali,3984,2. Abierta,COL
1117,Hombre,29,Cali,3984,2. Abierta,COL
1118,Hombre,25,Cali,3985,2. Abierta,COL
1119,Mujer,67,Jamundi,3986,5. Veteranos C,COL
1120,Mujer,50,Cali,3986,4. Veteranos B,COL
1121,Hombre,42,Cali,3987,3. Veteranos A,COL
1122,Mujer,49,Cali,3988,3. Veteranos A,COL
1123,Hombre,37,Cali,3988,2. Abierta,COL
1124,Mujer,29,Cali,3989,2. Abierta,COL
1125,Hombre,53,Cali,3989,4. Veteranos B,COL
1126,Mujer,28,Cali,3992,2. Abierta,COL
1127,Hombre,27,Cali,3993,2. Abierta,COL
1128,Hombre,42,Cali,3994,3. Veteranos A,COL
1129,Mujer,38,Cali,3994,2. Abierta,COL
1130,Mujer,31,Cali,3995,2. Abierta,COL
1131,Mujer,44,Jamundi,3995,3. Veteranos A,COL
1132,Hombre,38,Cali,3999,2. Abierta,COL
1133,Mujer,34,Cali,4000,2. Abierta,COL
1134,Hombre,43,Cali,4003,3. Veteranos A,COL
1135,Hombre,43,Cali,4004,3. Veteranos A,COL
1136,Mujer,24,Cali,4005,2. Abierta,COL
1137,Mujer,37,Cali,4005,2. Abierta,COL
1138,Hombre,38,Palmira,4005,2. Abierta,COL
1139,Mujer,25,Cali,4007,2. Abierta,COL
1140,Mujer,44,Florida Va,4007,3. Veteranos A,COL
1141,Mujer,37,Bogotá,4008,2. Abierta,COL
1142,Mujer,57,Cali,4012,4. Veteranos B,COL
1143,Mujer,29,Cali,4013,2. Abierta,COL
1144,Hombre,33,Cali,4013,2. Abierta,COL
1145,Hombre,45,Cali,4015,3. Veteranos A,COL
1146,Hombre,25,Cali,4017,2. Abierta,COL
1147,Hombre,19,Popayan,4019,2. Abierta,COL
1148,Mujer,19,Popayan,4020,2. Abierta,COL
1149,Mujer,31,Cali,4020,2. Abierta,COL
1150,Mujer,28,Jamundi,4020,2. Abierta,COL
1151,Mujer,37,Cali,4020,2. Abierta,COL
1152,Mujer,35,Cali,4020,2. Abierta,COL
1153,Hombre,29,Cali,4024,2. Abierta,COL
1154,Hombre,28,Cali,4027,2. Abierta,COL
1155,Hombre,37,Cali,4028,2. Abierta,COL
1156,Mujer,51,Cali,4028,4. Veteranos B,COL
1157,Hombre,54,Cali,4028,4. Veteranos B,COL
1158,Hombre,41,Cali,4031,3. Veteranos A,COL
1159,Hombre,34,Cali,4031,2. Abierta,COL
1160,Hombre,28,Cali,4035,2. Abierta,COL
1161,Hombre,33,Cali,4035,2. Abierta,COL
1162,Hombre,36,Cali,4037,2. Abierta,COL
1163,Hombre,31,Cali,4037,2. Abierta,COL
1164,Hombre,29,Cali,4038,2. Abierta,COL
1165,Mujer,26,Cali,4039,2. Abierta,COL
1166,Hombre,31,Tulua,4040,2. Abierta,COL
1167,Hombre,53,Cali,4040,4. Veteranos B,COL
1168,Mujer,38,Cali,4041,2. Abierta,COL
1169,Hombre,31,Cali,4042,2. Abierta,COL
1170,Hombre,59,Cali,4046,4. Veteranos B,COL
1171,Mujer,32,Cali,4050,2. Abierta,COL
1172,Mujer,44,Cali,4050,3. Veteranos A,COL
1173,Hombre,44,Cali,4051,3. Veteranos A,COL
1174,Hombre,34,Cali,4052,2. Abierta,COL
1175,Hombre,53,Cali,4054,4. Veteranos B,COL
1176,Mujer,27,Cali,4054,2. Abierta,COL
1177,Mujer,52,Cali,4054,4. Veteranos B,COL
1178,Hombre,62,Cali,4057,5. Veteranos C,COL
1179,Mujer,30,Cali,4057,2. Abierta,COL
1180,Hombre,26,Cali,4061,2. Abierta,COL
1181,Hombre,31,Cali,4061,2. Abierta,COL
1182,Hombre,36,Cali,4062,2. Abierta,COL
1183,Hombre,48,Cali,4062,3. Veteranos A,COL
1184,Mujer,38,Cali,4063,2. Abierta,COL
1185,Hombre,40,Cali,4064,3. Veteranos A,COL
1186,Hombre,36,Cali,4066,2. Abierta,COL
1187,Hombre,33,Popayan,4067,2. Abierta,COL
1188,Hombre,29,Cali,4068,2. Abierta,COL
1189,Mujer,30,Cali,4070,2. Abierta,COL
1190,Hombre,33,Cali,4071,2. Abierta,COL
1191,Hombre,26,Candelaria,4072,2. Abierta,COL
1192,Hombre,35,Cali,4072,2. Abierta,COL
1193,Mujer,27,Cali,4072,2. Abierta,COL
1194,Hombre,22,Cali,4074,2. Abierta,COL
1195,Hombre,26,Cali,4076,2. Abierta,COL
1196,Mujer,26,Buga,4082,2. Abierta,COL
1197,Mujer,32,Cali,4082,2. Abierta,COL
1198,Hombre,51,Cali,4085,4. Veteranos B,COL
1199,Mujer,29,Cali,4087,2. Abierta,COL
1200,Hombre,33,Cali,4087,2. Abierta,COL
1201,Hombre,29,Cali,4088,2. Abierta,COL
1202,Hombre,22,Cali,4088,2. Abierta,COL
1203,Mujer,50,Cali,4090,4. Veteranos B,COL
1204,Hombre,30,Cali,4091,2. Abierta,COL
1205,Mujer,37,Buenaventura,4093,2. Abierta,COL
1206,Hombre,54,Cali,4093,4. Veteranos B,COL
1207,Mujer,31,Cali,4094,2. Abierta,COL
1208,Hombre,27,Cali,4094,2. Abierta,COL
1209,Mujer,31,Cali,4095,2. Abierta,COL
1210,Mujer,22,Cali,4095,2. Abierta,COL
1211,Mujer,43,Buenaventura,4095,3. Veteranos A,COL
1212,Hombre,35,Cali,4099,2. Abierta,COL
1213,Mujer,28,Cali,4100,2. Abierta,COL
1214,Mujer,31,Cali,4101,2. Abierta,COL
1215,Mujer,42,Ginebra,4101,3. Veteranos A,COL
1216,Hombre,31,Jamundi,4102,2. Abierta,COL
1217,Hombre,71,Jamundi,4102,5. Veteranos C,COL
1218,Hombre,28,Cali,4104,2. Abierta,COL
1219,Hombre,28,Cali,4105,2. Abierta,COL
1220,Mujer,39,Cali,4105,2. Abierta,COL
1221,Hombre,31,Cali,4106,2. Abierta,COL
1222,Mujer,37,Palmira,4107,2. Abierta,COL
1223,Hombre,34,Jamundí,4108,2. Abierta,COL
1224,Hombre,53,Cali,4108,4. Veteranos B,COL
1225,Mujer,43,Cali,4108,3. Veteranos A,COL
1226,Hombre,32,Cali,4109,2. Abierta,COL
1227,Hombre,47,Cali,4110,3. Veteranos A,COL
1228,Mujer,27,Cali,4110,2. Abierta,COL
1229,Mujer,35,Cali,4110,2. Abierta,COL
1230,Mujer,40,Cali,4110,3. Veteranos A,COL
1231,Mujer,32,Cali,4112,2. Abierta,COL
1232,Hombre,28,Cali,4115,2. Abierta,COL
1233,Hombre,40,Cali,4115,3. Veteranos A,COL
1234,Mujer,25,Cali,4119,2. Abierta,COL
1235,Mujer,24,Cali,4119,2. Abierta,COL
1236,Hombre,30,Cali,4120,2. Abierta,COL
1237,Mujer,58,Cali,4125,4. Veteranos B,COL
1238,Mujer,56,Cali,4127,4. Veteranos B,COL
1239,Hombre,32,San Andres,4128,2. Abierta,COL
1240,Hombre,30,Cali,4129,2. Abierta,COL
1241,Hombre,22,Cali,4130,2. Abierta,COL
1242,Hombre,37,Cali,4130,2. Abierta,COL
1243,Hombre,37,Cali,4131,2. Abierta,COL
1244,Hombre,52,Popayan,4131,4. Veteranos B,COL
1245,Hombre,31,Cali,4132,2. Abierta,COL
1246,Mujer,30,Cali,4133,2. Abierta,COL
1247,Hombre,50,Cali,4134,4. Veteranos B,COL
1248,Mujer,30,Cali,4134,2. Abierta,COL
1249,Hombre,33,Cali,4134,2. Abierta,COL
1250,Hombre,25,Cali,4135,2. Abierta,COL
1251,Hombre,59,Cali,4137,4. Veteranos B,COL
1252,Mujer,41,Cali,4139,3. Veteranos A,COL
1253,Hombre,42,Bogota,4139,3. Veteranos A,COL
1254,Hombre,31,Cali,4139,2. Abierta,COL
1255,Mujer,30,Cali,4140,2. Abierta,COL
1256,Hombre,66,Cali,4141,5. Veteranos C,COL
1257,Hombre,38,Cali,4141,2. Abierta,COL
1258,Hombre,39,Popayán,4142,2. Abierta,COL
1259,Hombre,33,Cali,4143,2. Abierta,COL
1260,Hombre,40,Cali,4145,3. Veteranos A,COL
1261,Hombre,37,Cali,4147,2. Abierta,COL
1262,Hombre,35,Cali,4150,2. Abierta,COL
1263,Hombre,49,Cali,4151,3. Veteranos A,COL
1264,Hombre,31,Tumaco,4155,2. Abierta,COL
1265,Hombre,28,Cali,4156,2. Abierta,COL
1266,Hombre,37,Cali,4157,2. Abierta,COL
1267,Hombre,33,Cali,4158,2. Abierta,COL
1268,Hombre,34,Cali,4159,2. Abierta,COL
1269,Hombre,28,Cali,4160,2. Abierta,COL
1270,Mujer,30,Cali,4160,2. Abierta,COL
1271,Hombre,40,Cali,4160,3. Veteranos A,COL
1272,Mujer,32,Cali,4162,2. Abierta,COL
1273,Hombre,63,Cali,4162,5. Veteranos C,COL
1274,Hombre,31,Cali,4167,2. Abierta,COL
1275,Hombre,45,Candelaria,4168,3. Veteranos A,COL
1276,Hombre,27,Cali,4171,2. Abierta,COL
1277,Hombre,28,Cali,4173,2. Abierta,COL
1278,Mujer,22,Cali,4175,2. Abierta,COL
1279,Hombre,36,Cali,4179,2. Abierta,COL
1280,Mujer,27,Cali,4180,2. Abierta,COL
1281,Hombre,67,Cali,4181,5. Veteranos C,COL
1282,Hombre,46,Cali,4184,3. Veteranos A,COL
1283,Mujer,42,Cali,4185,3. Veteranos A,COL
1284,Hombre,39,Cali,4186,2. Abierta,COL
1285,Mujer,31,Cali,4192,2. Abierta,COL
1286,Hombre,27,Cali,4192,2. Abierta,COL
1287,Hombre,30,Cali,4192,2. Abierta,COL
1288,Mujer,41,Candelaria,4192,3. Veteranos A,COL
1289,Mujer,38,Cali,4192,2. Abierta,COL
1290,Hombre,32,Cali,4192,2. Abierta,COL
1291,Hombre,64,Cali,4193,5. Veteranos C,COL
1292,Hombre,42,Cali,4195,3. Veteranos A,COL
1293,Mujer,49,Cali,4197,3. Veteranos A,COL
1294,Mujer,37,Cali,4201,2. Abierta,COL
1295,Hombre,50,Cali,4205,4. Veteranos B,COL
1296,Mujer,33,Bogota,4205,2. Abierta,COL
1297,Mujer,47,Cali,4205,3. Veteranos A,COL
1298,Mujer,33,Cali,4206,2. Abierta,COL
1299,Mujer,37,Cali,4206,2. Abierta,COL
1300,Hombre,38,Yumbo,4206,2. Abierta,COL
1301,Hombre,61,Cali,4206,5. Veteranos C,COL
1302,Mujer,27,Cali,4207,2. Abierta,COL
1303,Mujer,38,Cali,4207,2. Abierta,COL
1304,Mujer,40,Bogota,4210,3. Veteranos A,COL
1305,Hombre,44,Jamundi,4210,3. Veteranos A,COL
1306,Mujer,40,Cali,4210,3. Veteranos A,COL
1307,Mujer,32,Candelaria,4211,2. Abierta,COL
1308,Hombre,59,Cali,4212,4. Veteranos B,COL
1309,Hombre,28,Cali,4213,2. Abierta,COL
1310,Mujer,56,Cali,4214,4. Veteranos B,COL
1311,Hombre,64,Cali,4215,5. Veteranos C,COL
1312,Hombre,31,Cali,4216,2. Abierta,COL
1313,Mujer,31,Cali,4217,2. Abierta,COL
1314,Mujer,62,Cali,4217,5. Veteranos C,COL
1315,Hombre,31,Cali,4217,2. Abierta,COL
1316,Mujer,56,Cali,4218,4. Veteranos B,COL
1317,Hombre,34,Cali,4226,2. Abierta,COL
1318,Mujer,36,Cali,4227,2. Abierta,COL
1319,Mujer,29,Cali,4229,2. Abierta,COL
1320,Hombre,30,Cali,4229,2. Abierta,COL
1321,Mujer,27,Cali,4231,2. Abierta,COL
1322,Hombre,63,Cali,4231,5. Veteranos C,COL
1323,Mujer,53,Cali,4231,4. Veteranos B,COL
1324,Mujer,36,Palmira,4232,2. Abierta,COL
1325,Mujer,26,Cali,4232,2. Abierta,COL
1326,Hombre,58,Cali,4234,4. Veteranos B,COL
1327,Mujer,28,Cali,4234,2. Abierta,COL
1328,Mujer,22,Cali,4235,2. Abierta,COL
1329,Hombre,44,Pasto,4235,3. Veteranos A,COL
1330,Hombre,25,Cali,4236,2. Abierta,COL
1331,Hombre,57,Cali,4237,4. Veteranos B,COL
1332,Hombre,61,Cali,4238,5. Veteranos C,COL
1333,Mujer,57,Cali,4239,4. Veteranos B,COL
1334,Hombre,54,Cali,4241,4. Veteranos B,COL
1335,Mujer,30,Cali,4242,2. Abierta,COL
1336,Hombre,39,Cali,4242,2. Abierta,COL
1337,Hombre,26,Candelaria,4242,2. Abierta,COL
1338,Hombre,29,Cali,4242,2. Abierta,COL
1339,Hombre,19,Cali,4243,2. Abierta,COL
1340,Hombre,24,Cali,4244,2. Abierta,COL
1341,Hombre,47,Cali,4249,3. Veteranos A,COL
1342,Mujer,56,Cali,4249,4. Veteranos B,COL
1343,Mujer,46,Cali,4250,3. Veteranos A,COL
1344,Hombre,38,Cali,4252,2. Abierta,COL
1345,Hombre,25,Santander De Quilichao,4252,2. Abierta,COL
1346,Mujer,29,Cali,4253,2. Abierta,COL
1347,Mujer,43,Cali,4254,3. Veteranos A,COL
1348,Hombre,42,Cali,4254,3. Veteranos A,COL
1349,Hombre,29,Cali,4255,2. Abierta,COL
1350,Mujer,33,Cali,4257,2. Abierta,COL
1351,Hombre,45,Cali,4258,3. Veteranos A,COL
1352,Hombre,36,Cali,4258,2. Abierta,COL
1353,Mujer,37,Cali,4260,2. Abierta,COL
1354,Hombre,23,Cali,4260,2. Abierta,COL
1355,Hombre,51,Cali,4263,4. Veteranos B,COL
1356,Hombre,28,Cali,4263,2. Abierta,COL
1357,Hombre,31,Cali,4264,2. Abierta,COL
1358,Mujer,39,Cali,4266,2. Abierta,COL
1359,Hombre,42,Cali,4266,3. Veteranos A,COL
1360,Mujer,36,Cali,4267,2. Abierta,COL
1361,Mujer,49,Cali,4267,3. Veteranos A,COL
1362,Hombre,31,Cali,4269,2. Abierta,COL
1363,Hombre,49,Cali,4270,3. Veteranos A,COL
1364,Hombre,33,Cali,4271,2. Abierta,COL
1365,Mujer,36,Cali,4271,2. Abierta,COL
1366,Mujer,31,Cali,4271,2. Abierta,COL
1367,Mujer,31,Palmira,4273,2. Abierta,COL
1368,Mujer,31,Cali,4276,2. Abierta,COL
1369,Mujer,32,Cali,4280,2. Abierta,COL
1370,Mujer,41,Cali,4280,3. Veteranos A,COL
1371,Mujer,34,Cali,4282,2. Abierta,COL
1372,Hombre,31,Cali,4287,2. Abierta,COL
1373,Mujer,34,Cali,4289,2. Abierta,COL
1374,Mujer,46,Cali,4290,3. Veteranos A,COL
1375,Hombre,24,Cali,4290,2. Abierta,COL
1376,Hombre,64,Cali,4290,5. Veteranos C,COL
1377,Hombre,30,Cali,4290,2. Abierta,COL
1378,Hombre,42,Cali,4291,3. Veteranos A,COL
1379,Mujer,34,Cali,4292,2. Abierta,COL
1380,Hombre,23,Cali,4292,2. Abierta,COL
1381,Mujer,40,Cali,4295,3. Veteranos A,COL
1382,Hombre,31,Santander De Quilichao,4296,2. Abierta,COL
1383,Mujer,27,Cali,4299,2. Abierta,COL
1384,Mujer,41,Cali,4302,3. Veteranos A,COL
1385,Mujer,32,Cali,4303,2. Abierta,COL
1386,Mujer,31,Cali,4303,2. Abierta,COL
1387,Mujer,38,Cali,4309,2. Abierta,COL
1388,Hombre,27,Cali,4310,2. Abierta,COL
1389,Mujer,33,Cali,4310,2. Abierta,COL
1390,Hombre,76,Cali,4311,5. Veteranos C,COL
1391,Hombre,30,Cali,4311,2. Abierta,COL
1392,Mujer,28,Cali,4312,2. Abierta,COL
1393,Hombre,42,Cali,4313,3. Veteranos A,COL
1394,Hombre,29,Cali,4314,2. Abierta,COL
1395,Hombre,33,Popayán,4318,2. Abierta,COL
1396,Hombre,53,Cali,4322,4. Veteranos B,COL
1397,Hombre,44,Cali,4323,3. Veteranos A,COL
1398,Mujer,34,Cali,4323,2. Abierta,COL
1399,Mujer,31,Jamundi,4324,2. Abierta,COL
1400,Hombre,40,Jamundi,4325,3. Veteranos A,COL
1401,Hombre,48,Cali,4325,3. Veteranos A,COL
1402,Mujer,39,Cali,4328,2. Abierta,COL
1403,Mujer,31,Cali,4331,2. Abierta,COL
1404,Mujer,30,Cali,4338,2. Abierta,COL
1405,Mujer,28,Cali,4340,2. Abierta,COL
1406,Hombre,40,Palmira,4344,3. Veteranos A,COL
1407,Mujer,36,Cali,4346,2. Abierta,COL
1408,Mujer,31,Cali,4350,2. Abierta,COL
1409,Hombre,34,Cali,4351,2. Abierta,COL
1410,Hombre,54,Cali,4351,4. Veteranos B,COL
1411,Mujer,40,Palmira,4351,3. Veteranos A,COL
1412,Mujer,55,Ginebra,4354,4. Veteranos B,COL
1413,Hombre,46,Cali,4356,3. Veteranos A,COL
1414,Mujer,29,Cali,4357,2. Abierta,COL
1415,Mujer,40,Cali,4357,3. Veteranos A,COL
1416,Hombre,29,Cali,4358,2. Abierta,COL
1417,Hombre,36,Cali,4361,2. Abierta,COL
1418,Mujer,27,Cali,4361,2. Abierta,COL
1419,Hombre,33,Cali,4362,2. Abierta,COL
1420,Hombre,26,Cali,4362,2. Abierta,COL
1421,Hombre,30,Cali,4363,2. Abierta,COL
1422,Mujer,32,Cali,4363,2. Abierta,COL
1423,Mujer,44,Candelaria,4364,3. Veteranos A,COL
1424,Mujer,47,Cali,4364,3. Veteranos A,COL
1425,Hombre,16,Cali,4366,1. Juvenil,COL
1426,Mujer,34,Cali,4369,2. Abierta,COL
1427,Hombre,32,Cali,4369,2. Abierta,COL
1428,Mujer,41,Cali,4372,3. Veteranos A,COL
1429,Mujer,24,Cali,4374,2. Abierta,COL
1430,Mujer,49,Cali,4375,3. Veteranos A,COL
1431,Mujer,40,Cali,4376,3. Veteranos A,COL
1432,Hombre,49,Jamundi,4378,3. Veteranos A,COL
1433,Hombre,58,Cali,4380,4. Veteranos B,COL
1434,Mujer,32,Cali,4384,2. Abierta,COL
1435,Mujer,39,Cali,4385,2. Abierta,COL
1436,Mujer,33,Cali,4387,2. Abierta,COL
1437,Hombre,31,Cali,4389,2. Abierta,COL
1438,Mujer,21,Cali,4394,2. Abierta,COL
1439,Mujer,51,Cali,4395,4. Veteranos B,0
1440,Hombre,31,Cali,4395,2. Abierta,COL
1441,Hombre,35,Cali,4395,2. Abierta,COL
1442,Mujer,31,Cali,4396,2. Abierta,COL
1443,Mujer,32,Cali,4397,2. Abierta,COL
1444,Mujer,34,Cali,4397,2. Abierta,COL
1445,Mujer,40,Cali,4398,3. Veteranos A,COL
1446,Mujer,48,Cali,4399,3. Veteranos A,COL
1447,Mujer,22,Cali,4400,2. Abierta,COL
1448,Mujer,33,Cali,4400,2. Abierta,COL
1449,Hombre,47,Palmira,4401,3. Veteranos A,COL
1450,Mujer,47,Cali,4403,3. Veteranos A,COL
1451,Mujer,28,Cali,4408,2. Abierta,COL
1452,Mujer,27,Cali,4409,2. Abierta,COL
1453,Hombre,61,Jamundi,4413,5. Veteranos C,COL
1454,Hombre,41,Cali,4413,3. Veteranos A,COL
1455,Mujer,33,Cali,4422,2. Abierta,COL
1456,Hombre,22,Jamundi,4423,2. Abierta,COL
1457,Mujer,25,Ginebra,4423,2. Abierta,COL
1458,Hombre,23,Cali,4425,2. Abierta,COL
1459,Mujer,37,Cali,4427,2. Abierta,COL
1460,Mujer,28,Cali,4432,2. Abierta,COL
1461,Hombre,29,Bogota,4433,2. Abierta,COL
1462,Mujer,41,Puerto La,4434,3. Veteranos A,VEN
1463,Mujer,63,Cali,4435,5. Veteranos C,COL
1464,Mujer,38,Cali,4436,2. Abierta,COL
1465,Mujer,29,Cali,4437,2. Abierta,COL
1466,Hombre,65,Cali,4438,5. Veteranos C,COL
1467,Hombre,35,Cali,4439,2. Abierta,COL
1468,Mujer,26,Cali,4441,2. Abierta,COL
1469,Mujer,34,Cali,4445,2. Abierta,COL
1470,Mujer,40,Cali,4448,3. Veteranos A,COL
1471,Hombre,23,Cali,4450,2. Abierta,COL
1472,Mujer,27,Cali,4450,2. Abierta,COL
1473,Mujer,35,Cali,4451,2. Abierta,COL
1474,Hombre,36,Cali,4451,2. Abierta,COL
1475,Hombre,33,Cali,4454,2. Abierta,COL
1476,Mujer,24,Cali,4457,2. Abierta,COL
1477,Hombre,51,Cali,4458,4. Veteranos B,COL
1478,Hombre,31,Cali,4458,2. Abierta,COL
1479,Mujer,51,Cali,4463,4. Veteranos B,COL
1480,Hombre,42,Cali,4465,3. Veteranos A,COL
1481,Mujer,34,Cali,4469,2. Abierta,COL
1482,Hombre,27,Cali,4471,2. Abierta,COL
1483,Hombre,18,Cali,4473,2. Abierta,COL
1484,Mujer,43,Cali,4476,3. Veteranos A,COL
1485,Mujer,29,Cali,4477,2. Abierta,COL
1486,Hombre,42,Cali,4477,3. Veteranos A,COL
1487,Mujer,57,Cali,4477,4. Veteranos B,COL
1488,Mujer,43,Cali,4481,3. Veteranos A,COL
1489,Hombre,38,Ginebra,4486,2. Abierta,COL
1490,Mujer,38,Cali,4487,2. Abierta,COL
1491,Mujer,32,Cali,4487,2. Abierta,COL
1492,Mujer,38,Cali,4491,2. Abierta,COL
1493,Mujer,33,Cali,4500,2. Abierta,COL
1494,Hombre,46,Cali,4500,3. Veteranos A,COL
1495,Hombre,49,Cali,4501,3. Veteranos A,COL
1496,Hombre,25,Cali,4506,2. Abierta,COL
1497,Mujer,28,Cali,4508,2. Abierta,COL
1498,Hombre,47,Cali,4511,3. Veteranos A,COL
1499,Mujer,27,Cali,4516,2. Abierta,COL
1500,Hombre,29,Cali,4516,2. Abierta,COL
1501,Mujer,33,Cali,4517,2. Abierta,COL
1502,Hombre,25,Cali,4519,2. Abierta,COL
1503,Hombre,42,Cali,4520,3. Veteranos A,COL
1504,Mujer,46,Cali,4520,3. Veteranos A,COL
1505,Hombre,30,Cali,4525,2. Abierta,COL
1506,Mujer,36,Cali,4527,2. Abierta,COL
1507,Mujer,34,Cali,4527,2. Abierta,COL
1508,Mujer,26,Cali,4528,2. Abierta,COL
1509,Hombre,25,Cali,4528,2. Abierta,COL
1510,Mujer,28,Cali,4531,2. Abierta,COL
1511,Mujer,26,Cali,4534,2. Abierta,COL
1512,Hombre,16,Cali,4535,1. Juvenil,COL
1513,Mujer,32,Cali,4536,2. Abierta,COL
1514,Hombre,25,Cali,4540,2. Abierta,COL
1515,Hombre,48,Cali,4541,3. Veteranos A,COL
1516,Hombre,45,Cali,4549,3. Veteranos A,COL
1517,Mujer,59,Cali,4550,4. Veteranos B,COL
1518,Mujer,43,Cali,4554,3. Veteranos A,COL
1519,Mujer,42,Cali,4555,3. Veteranos A,COL
1520,Mujer,30,Cali,4555,2. Abierta,COL
1521,Mujer,26,Cali,4556,2. Abierta,COL
1522,Mujer,30,Cali,4556,2. Abierta,COL
1523,Mujer,36,Palmira,4556,2. Abierta,COL
1524,Mujer,42,Cali,4557,3. Veteranos A,COL
1525,Hombre,62,Cali,4557,5. Veteranos C,COL
1526,Hombre,35,Palmira,4558,2. Abierta,COL
1527,Hombre,72,Villagorgo,4565,5. Veteranos C,COL
1528,Hombre,41,Cali,4566,3. Veteranos A,COL
1529,Mujer,27,Cali,4571,2. Abierta,COL
1530,Hombre,47,Cali,4571,3. Veteranos A,COL
1531,Hombre,37,Cali,4571,2. Abierta,COL
1532,Mujer,49,Cali,4572,3. Veteranos A,COL
1533,Mujer,34,Cali,4572,2. Abierta,COL
1534,Mujer,32,Jamundi,4573,2. Abierta,COL
1535,Hombre,40,Cali,4573,3. Veteranos A,COL
1536,Hombre,76,Cali,4573,5. Veteranos C,COL
1537,Hombre,43,Cali,4574,3. Veteranos A,COL
1538,Mujer,52,Cali,4575,4. Veteranos B,COL
1539,Hombre,42,Cali,4575,3. Veteranos A,COL
1540,Mujer,39,Cali,4579,2. Abierta,COL
1541,Hombre,35,Cali,4579,2. Abierta,COL
1542,Mujer,37,Cali,4580,2. Abierta,COL
1543,Mujer,34,Yumbo,4582,2. Abierta,COL
1544,Mujer,35,Cali,4583,2. Abierta,COL
1545,Hombre,48,Cali,4586,3. Veteranos A,COL
1546,Mujer,30,Cali,4586,2. Abierta,COL
1547,Mujer,42,Cali,4589,3. Veteranos A,COL
1548,Hombre,43,Cali,4589,3. Veteranos A,COL
1549,Hombre,38,Tulua,4590,2. Abierta,COL
1550,Mujer,22,Cali,4590,2. Abierta,COL
1551,Hombre,40,Cali,4591,3. Veteranos A,COL
1552,Hombre,38,Cali,4592,2. Abierta,COL
1553,Hombre,45,Cali,4592,3. Veteranos A,COL
1554,Mujer,37,Cali,4592,2. Abierta,COL
1555,Mujer,35,Cali,4593,2. Abierta,COL
1556,Mujer,51,Cali,4594,4. Veteranos B,COL
1557,Hombre,49,Cali,4597,3. Veteranos A,COL
1558,Mujer,37,Cali,4598,2. Abierta,COL
1559,Hombre,71,Cali,4600,5. Veteranos C,0
1560,Mujer,27,Cali,4604,2. Abierta,COL
1561,Hombre,39,Cali,4604,2. Abierta,COL
1562,Hombre,39,Cali,4606,2. Abierta,COL
1563,Hombre,37,Cali,4610,2. Abierta,COL
1564,Mujer,38,Cali,4611,2. Abierta,COL
1565,Mujer,46,Cali,4612,3. Veteranos A,COL
1566,Hombre,43,Ginebra,4613,3. Veteranos A,COL
1567,Hombre,45,Cali,4613,3. Veteranos A,COL
1568,Hombre,16,Cali,4619,1. Juvenil,COL
1569,Hombre,42,Cali,4620,3. Veteranos A,COL
1570,Hombre,38,Cali,4622,2. Abierta,COL
1571,Hombre,65,Cali,4626,5. Veteranos C,COL
1572,Mujer,34,Cali,4627,2. Abierta,COL
1573,Hombre,25,Cali,4629,2. Abierta,COL
1574,Mujer,38,Jamundi,4629,2. Abierta,COL
1575,Hombre,22,Cali,4635,2. Abierta,COL
1576,Mujer,55,Cali,4637,4. Veteranos B,COL
1577,Hombre,32,Cali,4639,2. Abierta,COL
1578,Hombre,37,Cali,4644,2. Abierta,COL
1579,Hombre,32,Cali,4645,2. Abierta,COL
1580,Mujer,38,Cali,4646,2. Abierta,COL
1581,Mujer,38,Cali,4648,2. Abierta,COL
1582,Hombre,32,Cali,4650,2. Abierta,COL
1583,Mujer,60,Cali,4650,5. Veteranos C,COL
1584,Hombre,27,Cali,4650,2. Abierta,COL
1585,Hombre,24,Candelaria,4651,2. Abierta,COL
1586,Mujer,48,Cali,4652,3. Veteranos A,COL
1587,Hombre,34,Cali,4656,2. Abierta,COL
1588,Mujer,49,Cali,4657,3. Veteranos A,COL
1589,Hombre,32,Cali,4660,2. Abierta,COL
1590,Hombre,39,Cali,4663,2. Abierta,COL
1591,Hombre,24,Cali,4667,2. Abierta,COL
1592,Mujer,31,Cali,4668,2. Abierta,COL
1593,Mujer,30,Cali,4669,2. Abierta,COL
1594,Mujer,41,Cali,4671,3. Veteranos A,COL
1595,Hombre,38,Palmira,4671,2. Abierta,COL
1596,Mujer,51,Popayán,4672,4. Veteranos B,COL
1597,Mujer,53,Cali,4674,4. Veteranos B,COL
1598,Hombre,76,Cali,4675,5. Veteranos C,COL
1599,Hombre,57,Cali,4675,4. Veteranos B,COL
1600,Mujer,26,Cali,4678,2. Abierta,COL
1601,Mujer,37,Jamundi,4681,2. Abierta,COL
1602,Hombre,16,Cali,4683,1. Juvenil,COL
1603,Hombre,32,Cali,4687,2. Abierta,COL
1604,Mujer,42,Ginebra,4687,3. Veteranos A,COL
1605,Mujer,25,Cali,4687,2. Abierta,COL
1606,Hombre,26,Cali,4689,2. Abierta,COL
1607,Mujer,23,Cali,4689,2. Abierta,COL
1608,Mujer,25,Cali,4689,2. Abierta,COL
1609,Hombre,33,Buga,4690,2. Abierta,COL
1610,Mujer,35,Buga,4690,2. Abierta,COL
1611,Hombre,57,Cali,4692,4. Veteranos B,COL
1612,Hombre,40,Cali,4692,3. Veteranos A,COL
1613,Mujer,31,Cali,4696,2. Abierta,COL
1614,Mujer,40,Cali,4696,3. Veteranos A,COL
1615,Mujer,33,Cali,4700,2. Abierta,COL
1616,Hombre,34,Cali,4703,2. Abierta,COL
1617,Mujer,26,Cali,4703,2. Abierta,COL
1618,Mujer,31,Buga,4703,2. Abierta,COL
1619,Mujer,28,Cali,4708,2. Abierta,COL
1620,Mujer,32,Cali,4710,2. Abierta,COL
1621,Mujer,21,Cali,4710,2. Abierta,COL
1622,Hombre,26,Cali,4718,2. Abierta,COL
1623,Hombre,19,Cali,4725,2. Abierta,COL
1624,Mujer,45,Cali,4726,3. Veteranos A,COL
1625,Mujer,42,Cali,4727,3. Veteranos A,COL
1626,Mujer,28,Cali,4729,2. Abierta,COL
1627,Mujer,31,Cali,4731,2. Abierta,COL
1628,Hombre,43,Cali,4731,3. Veteranos A,COL
1629,Hombre,25,Cali,4732,2. Abierta,COL
1630,Mujer,49,Cali,4736,3. Veteranos A,COL
1631,Mujer,39,Cali,4736,2. Abierta,COL
1632,Mujer,33,Cali,4738,2. Abierta,COL
1633,Mujer,23,Cali,4739,2. Abierta,COL
1634,Mujer,28,Buga,4743,2. Abierta,COL
1635,Hombre,43,Cali,4744,3. Veteranos A,COL
1636,Hombre,32,Costa Rica,4746,2. Abierta,COL
1637,Mujer,29,Cali,4747,2. Abierta,COL
1638,Hombre,35,Cali,4748,2. Abierta,COL
1639,Mujer,41,Cali,4750,3. Veteranos A,COL
1640,Mujer,36,Cali,4751,2. Abierta,COL
1641,Mujer,37,Buga,4751,2. Abierta,COL
1642,Mujer,31,Cali,4752,2. Abierta,COL
1643,Hombre,21,Cali,4754,2. Abierta,COL
1644,Mujer,30,Cali,4756,2. Abierta,COL
1645,Hombre,32,Cali,4760,2. Abierta,COL
1646,Mujer,36,Cali,4760,2. Abierta,COL
1647,Mujer,30,Cali,4762,2. Abierta,COL
1648,Hombre,29,Cali,4764,2. Abierta,COL
1649,Hombre,39,Cali,4767,2. Abierta,COL
1650,Hombre,58,Cali,4770,4. Veteranos B,COL
1651,Hombre,28,Cali,4773,2. Abierta,COL
1652,Hombre,32,Cali,4780,2. Abierta,COL
1653,Hombre,40,Cali,4780,3. Veteranos A,COL
1654,Mujer,53,Cali,4783,4. Veteranos B,COL
1655,Mujer,27,Cali,4785,2. Abierta,COL
1656,Mujer,52,Jamundi,4785,4. Veteranos B,COL
1657,Hombre,47,Jamundi,4788,3. Veteranos A,COL
1658,Hombre,28,Cali,4789,2. Abierta,COL
1659,Mujer,27,Cali,4790,2. Abierta,COL
1660,Hombre,55,Jamundi,4792,4. Veteranos B,COL
1661,Hombre,28,Cali,4793,2. Abierta,COL
1662,Mujer,34,Cali,4794,2. Abierta,COL
1663,Hombre,57,Cali,4795,4. Veteranos B,COL
1664,Hombre,40,Cali,4796,3. Veteranos A,COL
1665,Mujer,29,Cali,4803,2. Abierta,COL
1666,Hombre,42,Cali,4805,3. Veteranos A,COL
1667,Mujer,33,Cali,4807,2. Abierta,COL
1668,Hombre,40,Cali,4818,3. Veteranos A,COL
1669,Mujer,27,Cali,4818,2. Abierta,COL
1670,Mujer,36,Cali,4823,2. Abierta,COL
1671,Mujer,41,Cali,4824,3. Veteranos A,COL
1672,Mujer,18,Cali,4825,2. Abierta,COL
1673,Mujer,50,Cali,4826,4. Veteranos B,COL
1674,Hombre,26,Jamundi,4831,2. Abierta,COL
1675,Mujer,26,Cali,4833,2. Abierta,COL
1676,Mujer,22,Cali,4836,2. Abierta,COL
1677,Mujer,27,Cali,4837,2. Abierta,COL
1678,Hombre,33,Cali,4842,2. Abierta,COL
1679,Hombre,61,Cali,4843,5. Veteranos C,COL
1680,Mujer,22,Cali,4846,2. Abierta,COL
1681,Mujer,53,Cali,4847,4. Veteranos B,COL
1682,Hombre,30,Cali,4848,2. Abierta,COL
1683,Mujer,28,Cali,4849,2. Abierta,COL
1684,Mujer,38,Cali,4849,2. Abierta,COL
1685,Hombre,21,Cali,4850,2. Abierta,COL
1686,Hombre,42,Cali,4852,3. Veteranos A,COL
1687,Mujer,41,Cali,4853,3. Veteranos A,COL
1688,Mujer,51,Cali,4855,4. Veteranos B,COL
1689,Mujer,37,Cali,4864,2. Abierta,COL
1690,Hombre,37,Ginebra,4864,2. Abierta,COL
1691,Mujer,34,Cali,4866,2. Abierta,COL
1692,Hombre,55,Cali,4867,4. Veteranos B,COL
1693,Mujer,59,Cali,4868,4. Veteranos B,COL
1694,Mujer,40,Cali,4869,3. Veteranos A,COL
1695,Hombre,26,Cali,4869,2. Abierta,COL
1696,Hombre,40,Cali,4874,3. Veteranos A,COL
1697,Mujer,32,Cali,4877,2. Abierta,COL
1698,Mujer,34,Cali,4883,2. Abierta,COL
1699,Hombre,28,Cali,4884,2. Abierta,COL
1700,Mujer,47,Cali,4885,3. Veteranos A,COL
1701,Mujer,23,Cali,4887,2. Abierta,COL
1702,Hombre,26,Cali,4888,2. Abierta,COL
1703,Mujer,17,Jamundi,4889,1. Juvenil,COL
1704,Mujer,32,Cali,4897,2. Abierta,COL
1705,Mujer,53,Cali,4904,4. Veteranos B,COL
1706,Hombre,30,Cali,4906,2. Abierta,COL
1707,Mujer,35,Cali,4908,2. Abierta,COL
1708,Mujer,34,Cali,4910,2. Abierta,COL
1709,Mujer,28,Cali,4912,2. Abierta,COL
1710,Mujer,34,Cali,4912,2. Abierta,COL
1711,Hombre,43,Cali,4915,3. Veteranos A,COL
1712,Mujer,39,Cali,4915,2. Abierta,COL
1713,Mujer,25,Cali,4916,2. Abierta,COL
1714,Mujer,36,Cali,4918,2. Abierta,COL
1715,Mujer,61,Cali,4921,5. Veteranos C,COL
1716,Hombre,34,Cali,4923,2. Abierta,COL
1717,Mujer,28,Cali,4924,2. Abierta,COL
1718,Mujer,23,Villa Rica,4924,2. Abierta,COL
1719,Hombre,33,Cali,4925,2. Abierta,COL
1720,Hombre,54,Cali,4928,4. Veteranos B,COL
1721,Hombre,52,Cali,4930,4. Veteranos B,COL
1722,Mujer,37,Cali,4934,2. Abierta,COL
1723,Mujer,22,Cali,4934,2. Abierta,COL
1724,Hombre,39,Cali,4936,2. Abierta,COL
1725,Hombre,54,Cali,4936,4. Veteranos B,COL
1726,Hombre,31,Yumbo,4937,2. Abierta,COL
1727,Mujer,44,Cali,4940,3. Veteranos A,COL
1728,Hombre,44,Cali,4942,3. Veteranos A,COL
1729,Hombre,36,Cali,4942,2. Abierta,COL
1730,Hombre,34,Cali,4948,2. Abierta,COL
1731,Mujer,63,Cali,4951,5. Veteranos C,COL
1732,Mujer,26,Cali,4953,2. Abierta,COL
1733,Mujer,56,Cali,4955,4. Veteranos B,COL
1734,Mujer,50,Cali,4966,4. Veteranos B,COL
1735,Hombre,30,Puerto Tejada,4970,2. Abierta,COL
1736,Mujer,19,Cali,4970,2. Abierta,COL
1737,Mujer,30,Cali,4970,2. Abierta,COL
1738,Mujer,40,Cali,4972,3. Veteranos A,COL
1739,Mujer,51,Cali,4973,4. Veteranos B,COL
1740,Mujer,31,Cali,4975,2. Abierta,COL
1741,Mujer,34,Yumbo,4980,2. Abierta,COL
1742,Mujer,20,Cali,4981,2. Abierta,COL
1743,Mujer,48,Cali,4981,3. Veteranos A,COL
1744,Hombre,39,Cali,4983,2. Abierta,COL
1745,Mujer,17,Cali,4983,1. Juvenil,COL
1746,Mujer,43,Yumbo,4983,3. Veteranos A,COL
1747,Mujer,53,Cali,4991,4. Veteranos B,COL
1748,Mujer,52,Cali,4991,4. Veteranos B,COL
1749,Hombre,41,Cali,4993,3. Veteranos A,COL
1750,Hombre,64,Cali,4995,5. Veteranos C,COL
1751,Hombre,43,Cali,5001,3. Veteranos A,COL
1752,Hombre,24,Cali,5002,2. Abierta,COL
1753,Mujer,33,Cali,5003,2. Abierta,COL
1754,Hombre,38,Cali,5004,2. Abierta,COL
1755,Mujer,27,Cali,5010,2. Abierta,COL
1756,Mujer,54,Cali,5014,4. Veteranos B,COL
1757,Hombre,22,Cali,5017,2. Abierta,COL
1758,Mujer,37,Cali,5021,2. Abierta,0
1759,Mujer,27,Cali,5024,2. Abierta,COL
1760,Hombre,42,Cali,5032,3. Veteranos A,COL
1761,Mujer,49,Cali,5037,3. Veteranos A,COL
1762,Mujer,43,Cali,5043,3. Veteranos A,COL
1763,Mujer,33,Cali,5045,2. Abierta,COL
1764,Mujer,49,Cali,5045,3. Veteranos A,COL
1765,Mujer,28,Cali,5046,2. Abierta,COL
1766,Mujer,36,Buga,5046,2. Abierta,COL
1767,Hombre,26,Cali,5046,2. Abierta,COL
1768,Hombre,61,Cali,5055,5. Veteranos C,COL
1769,Mujer,30,Palmira,5060,2. Abierta,COL
1770,Hombre,35,Cali,5063,2. Abierta,COL
1771,Hombre,31,Cali,5064,2. Abierta,COL
1772,Mujer,35,Cali,5066,2. Abierta,COL
1773,Hombre,70,Rosario,5067,5. Veteranos C,ARG
1774,Hombre,59,Cali,5067,4. Veteranos B,COL
1775,Mujer,27,Cali,5068,2. Abierta,COL
1776,Mujer,21,Cali,5071,2. Abierta,COL
1777,Hombre,23,Buenaventura,5077,2. Abierta,COL
1778,Mujer,46,Cali,5081,3. Veteranos A,COL
1779,Hombre,35,Cali,5084,2. Abierta,COL
1780,Mujer,32,Cali,5084,2. Abierta,COL
1781,Mujer,39,Candelaria,5085,2. Abierta,COL
1782,Hombre,31,Cali,5085,2. Abierta,COL
1783,Mujer,45,Cali,5086,3. Veteranos A,COL
1784,Mujer,40,Cali,5086,3. Veteranos A,COL
1785,Mujer,26,Cali,5096,2. Abierta,COL
1786,Mujer,50,Candelaria,5101,4. Veteranos B,COL
1787,Mujer,25,Cali,5105,2. Abierta,COL
1788,Hombre,39,Tuluá,5106,2. Abierta,COL
1789,Mujer,21,Cali,5106,2. Abierta,COL
1790,Mujer,34,Cali,5107,2. Abierta,COL
1791,Mujer,23,Cali,5111,2. Abierta,COL
1792,Hombre,44,Cali,5116,3. Veteranos A,COL
1793,Mujer,38,Cali,5119,2. Abierta,COL
1794,Hombre,50,Cali,5128,4. Veteranos B,COL
1795,Mujer,23,Cali,5131,2. Abierta,COL
1796,Mujer,29,Cali,5132,2. Abierta,COL
1797,Hombre,54,Cali,5135,4. Veteranos B,COL
1798,Hombre,38,Cali,5147,2. Abierta,COL
1799,Mujer,37,Cali,5148,2. Abierta,COL
1800,Hombre,42,Cali,5150,3. Veteranos A,COL
1801,Mujer,32,Cali,5151,2. Abierta,COL
1802,Hombre,44,Palmira,5151,3. Veteranos A,COL
1803,Mujer,46,Cali,5151,3. Veteranos A,COL
1804,Mujer,34,Jamundí,5153,2. Abierta,COL
1805,Hombre,31,Jamundi,5153,2. Abierta,COL
1806,Mujer,26,Cali,5168,2. Abierta,COL
1807,Hombre,26,Cali,5168,2. Abierta,COL
1808,Mujer,29,Cali,5171,2. Abierta,COL
1809,Hombre,59,Cali,5171,4. Veteranos B,COL
1810,Hombre,33,Cali,5171,2. Abierta,COL
1811,Mujer,30,Cali,5172,2. Abierta,COL
1812,Mujer,37,Cali,5174,2. Abierta,COL
1813,Mujer,49,Cali,5187,3. Veteranos A,COL
1814,Mujer,50,Cali,5190,4. Veteranos B,COL
1815,Mujer,30,Cali,5194,2. Abierta,COL
1816,Mujer,24,Cali,5202,2. Abierta,COL
1817,Hombre,31,Cali,5207,2. Abierta,COL
1818,Mujer,24,Cali,5210,2. Abierta,COL
1819,Mujer,28,Cali,5216,2. Abierta,COL
1820,Mujer,67,Cali,5219,5. Veteranos C,COL
1821,Mujer,38,Cali,5228,2. Abierta,COL
1822,Mujer,45,Cali,5229,3. Veteranos A,COL
1823,Mujer,28,Cali,5231,2. Abierta,COL
1824,Mujer,35,Cali,5245,2. Abierta,COL
1825,Mujer,44,Cali,5249,3. Veteranos A,COL
1826,Mujer,42,Palmira,5267,3. Veteranos A,COL
1827,Hombre,26,Cali,5268,2. Abierta,COL
1828,Mujer,41,Cali,5269,3. Veteranos A,COL
1829,Mujer,49,Cali,5277,3. Veteranos A,COL
1830,Mujer,30,Cali,5284,2. Abierta,COL
1831,Mujer,58,Cali,5287,4. Veteranos B,COL
1832,Mujer,29,Cali,5288,2. Abierta,COL
1833,Hombre,30,Cali,5294,2. Abierta,COL
1834,Mujer,35,Cali,5304,2. Abierta,COL
1835,Mujer,23,Cali,5307,2. Abierta,COL
1836,Hombre,50,Cali,5308,4. Veteranos B,COL
1837,Mujer,59,Cali,5315,4. Veteranos B,COL
1838,Hombre,60,Cali,5316,5. Veteranos C,COL
1839,Mujer,50,Cali,5322,4. Veteranos B,COL
1840,Mujer,15,Cali,5326,1. Juvenil,COL
1841,Mujer,38,Cali,5332,2. Abierta,COL
1842,Hombre,27,Cali,5333,2. Abierta,COL
1843,Hombre,33,Cali,5334,2. Abierta,COL
1844,Hombre,28,Cali,5334,2. Abierta,COL
1845,Hombre,39,Cali,5335,2. Abierta,COL
1846,Hombre,31,Cali,5335,2. Abierta,COL
1847,Hombre,19,Cali,5335,2. Abierta,COL
1848,Mujer,43,Paz De Ariporo,5339,3. Veteranos A,COL
1849,Hombre,55,Cali,5341,4. Veteranos B,COL
1850,Mujer,42,Cali,5342,3. Veteranos A,COL
1851,Hombre,48,Cali,5342,3. Veteranos A,COL
1852,Mujer,18,Cali,5342,2. Abierta,COL
1853,Hombre,32,Cali,5363,2. Abierta,COL
1854,Mujer,46,Cali,5373,3. Veteranos A,COL
1855,Mujer,27,Ginebra,5373,2. Abierta,COL
1856,Hombre,22,Cali,5375,2. Abierta,COL
1857,Mujer,36,Cali,5385,2. Abierta,COL
1858,Hombre,28,Cali,5389,2. Abierta,COL
1859,Mujer,53,Cali,5405,4. Veteranos B,COL
1860,Hombre,28,Cali,5406,2. Abierta,COL
1861,Mujer,37,Cali,5411,2. Abierta,COL
1862,Hombre,19,Cali,5411,2. Abierta,COL
1863,Mujer,24,Cali,5413,2. Abierta,COL
1864,Mujer,33,Cali,5414,2. Abierta,COL
1865,Hombre,65,Cali,5414,5. Veteranos C,COL
1866,Mujer,27,Cali,5434,2. Abierta,COL
1867,Mujer,30,Cali,5443,2. Abierta,COL
1868,Hombre,42,Cali,5457,3. Veteranos A,COL
1869,Mujer,32,Cali,5466,2. Abierta,COL
1870,Mujer,39,Cali,5474,2. Abierta,COL
1871,Mujer,16,Cali,5480,1. Juvenil,COL
1872,Hombre,39,Jamundi,5492,2. Abierta,COL
1873,Hombre,53,Cali,5511,4. Veteranos B,COL
1874,Mujer,27,Cali,5516,2. Abierta,COL
1875,Mujer,41,Cali,5519,3. Veteranos A,COL
1876,Mujer,33,Jamundi,5528,2. Abierta,COL
1877,Hombre,29,Cali,5537,2. Abierta,COL
1878,Hombre,52,Cali,5554,4. Veteranos B,COL
1879,Mujer,30,Cali,5555,2. Abierta,COL
1880,Hombre,33,Cali,5575,2. Abierta,COL
1881,Mujer,45,Cali,5579,3. Veteranos A,COL
1882,Mujer,42,Cali,5598,3. Veteranos A,COL
1883,Hombre,46,Cali,5609,3. Veteranos A,COL
1884,Mujer,72,Cali,5609,5. Veteranos C,COL
1885,Mujer,31,Cali,5610,2. Abierta,COL
1886,Mujer,53,Cali,5614,4. Veteranos B,COL
1887,Mujer,40,Cali,5615,3. Veteranos A,COL
1888,Mujer,29,Cali,5623,2. Abierta,COL
1889,Mujer,64,Cali,5660,5. Veteranos C,COL
1890,Mujer,27,Cali,5671,2. Abierta,COL
1891,Hombre,38,Cali,5694,2. Abierta,COL
1892,Mujer,22,Cali,5750,2. Abierta,COL
1893,Mujer,40,Cali,5767,3. Veteranos A,COL
1894,Hombre,33,Cali,5782,2. Abierta,COL
1895,Mujer,30,Cali,5783,2. Abierta,COL
1896,Mujer,46,Bogotá,5805,3. Veteranos A,COL
1897,Hombre,29,Cali,5806,2. Abierta,COL
1898,Hombre,26,Cali,5842,2. Abierta,COL
1899,Mujer,24,Cali,5844,2. Abierta,COL
1900,Mujer,21,Cali,5844,2. Abierta,COL
1901,Mujer,28,Cali,5925,2. Abierta,COL
1902,Hombre,32,Cali,5926,2. Abierta,COL
1903,Hombre,22,Cali,5926,2. Abierta,COL
1904,Hombre,47,Cali,5930,3. Veteranos A,COL
1905,Mujer,21,Cali,5950,2. Abierta,COL
1906,Mujer,27,Cali,5966,2. Abierta,COL
1907,Mujer,38,Cali,5976,2. Abierta,COL
1908,Mujer,22,Cali,5998,2. Abierta,COL
1909,Hombre,47,Cali,6002,3. Veteranos A,COL
1910,Mujer,26,Cali,6043,2. Abierta,0
1911,Mujer,39,Ginebra,6043,2. Abierta,COL
1912,Mujer,46,Cali,6088,3. Veteranos A,COL
1913,Mujer,21,Cali,6090,2. Abierta,COL
1914,Mujer,23,Cali,6093,2. Abierta,COL
1915,Mujer,23,Cali,6178,2. Abierta,COL
1916,Hombre,23,Cali,6182,2. Abierta,COL
1917,Hombre,52,Cali,6311,4. Veteranos B,0
1918,Hombre,37,Cali,6353,2. Abierta,COL
1919,Mujer,28,Cali,6354,2. Abierta,COL
1920,Mujer,40,Cali,6682,3. Veteranos A,COL
1921,Hombre,26,Cali,6868,2. Abierta,COL
1922,Hombre,76,Cali,9962,5. Veteranos C,COL
